year,constructorId,name,races,wins,podiums,avg_finish,total_points,win_rate,podium_rate,avg_points,TDI
1950,adams,Adams,1,0,0,29.5,0.0,0.0,0.0,0.0,0.0
1950,alfa-romeo,Alfa Romeo,6,6,11,6.954545454545454,1.0,1.0,0.9166666666666666,14.833333333333334,0.9791666666666666
1950,alta,Alta,2,0,0,13.333333333333334,0.0,0.0,0.0,0.0,0.0
1950,cooper,Cooper,1,0,0,15.0,0.0,0.0,0.0,0.0,0.0
1950,deidt,Deidt,1,0,2,13.0,0.11235955056179775,0.0,1.0,10.0,0.2949438202247191
1950,era,ERA,3,0,0,14.125,0.0,0.0,0.0,0.0,0.0
1950,ewing,Ewing,1,0,0,18.0,0.0,0.0,0.0,0.0,0.0
1950,ferrari,Ferrari,5,0,4,9.8,0.23595505617977527,0.0,0.4,4.2,0.1943820224719101
1950,kurtis-kraft,Kurtis Kraft,1,1,1,17.133333333333333,0.15730337078651685,1.0,0.5,14.0,0.5379213483146067
1950,langley,Langley,1,0,0,17.0,0.0,0.0,0.0,0.0,0.0
1950,lesovsky,Lesovsky,1,0,0,12.5,0.0,0.0,0.0,0.0,0.0
1950,marchese,Marchese,1,0,0,12.0,0.0,0.0,0.0,0.0,0.0
1950,maserati,Maserati,7,0,1,14.972972972972974,0.12359550561797752,0.0,0.0714285714285714,1.5714285714285714,0.06729534510433385
1950,moore,Moore,1,0,0,7.0,0.0,0.0,0.0,0.0,0.0
1950,nichels,Nichels,1,0,0,10.0,0.0,0.0,0.0,0.0,0.0
1950,olson,Olson,1,0,0,24.0,0.0,0.0,0.0,0.0,0.0
1950,rae,Rae,1,0,0,23.0,0.0,0.0,0.0,0.0,0.0
1950,simca-gordini,Simca-Gordini,3,0,0,17.0,0.033707865168539325,0.0,0.0,1.0,0.01348314606741573
1950,snowberger,Snowberger,1,0,0,28.0,0.0,0.0,0.0,0.0,0.0
1950,stevens,Stevens,1,0,0,13.0,0.0,0.0,0.0,0.0,0.0
1950,talbot-lago,Talbot-Lago,6,0,2,10.947368421052632,0.2247191011235955,0.0,0.16666666666666666,3.333333333333333,0.13155430711610486
1950,watson,Watson,1,0,0,35.0,0.0,0.0,0.0,0.0,0.0
1950,wetteroth,Wetteroth,1,0,0,25.0,0.0,0.0,0.0,0.0,0.0
1951,alfa-romeo,Alfa Romeo,7,4,10,7.6,0.872093023255814,0.5714285714285714,0.4761904761904762,10.714285714285714,0.6678848283499446
1951,alta,Alta,1,0,0,15.0,0.0,0.0,0.0,0.0,0.0
1951,brm,BRM,2,0,0,16.4,0.023255813953488372,0.0,0.0,1.0,0.009302325581395349
1951,bromme,Bromme,1,0,0,28.0,0.0,0.0,0.0,0.0,0.0
1951,deidt,Deidt,1,0,0,16.5,0.0,0.0,0.0,0.0,0.0
1951,era,ERA,1,0,0,9.5,0.0,0.0,0.0,0.0,0.0
1951,ferrari,Ferrari,7,3,11,8.617647058823529,1.0,0.4285714285714285,0.5238095238095238,12.285714285714286,0.680952380952381
1951,hall,Hall,1,0,0,20.0,0.0,0.0,0.0,0.0,0.0
1951,hwm,HWM,1,0,0,12.5,0.0,0.0,0.0,0.0,0.0
1951,kurtis-kraft,Kurtis Kraft,1,1,3,15.058823529411764,0.22093023255813954,1.0,1.0,19.0,0.6883720930232557
1951,kuzma,Kuzma,1,0,0,16.0,0.0,0.0,0.0,0.0,0.0
1951,lesovsky,Lesovsky,1,0,0,31.0,0.0,0.0,0.0,0.0,0.0
1951,marchese,Marchese,1,0,0,21.0,0.0,0.0,0.0,0.0,0.0
1951,maserati,Maserati,6,0,0,19.266666666666666,0.0,0.0,0.0,0.0,0.0
1951,moore,Moore,1,0,0,7.0,0.0,0.0,0.0,0.0,0.0
1951,osca,O.S.C.A.,1,0,0,10.0,0.0,0.0,0.0,0.0,0.0
1951,pawl,Pawl,1,0,0,17.0,0.0,0.0,0.0,0.0,0.0
1951,schroeder,Schroeder,1,0,0,15.5,0.023255813953488372,0.0,0.0,2.0,0.009302325581395349
1951,sherman,Sherman,1,0,0,5.0,0.03488372093023256,0.0,0.0,3.0,0.013953488372093023
1951,simca-gordini,Simca-Gordini,4,0,0,14.461538461538462,0.0,0.0,0.0,0.0,0.0
1951,talbot-lago,Talbot-Lago,7,0,0,12.377777777777778,0.05813953488372093,0.0,0.0,0.7142857142857143,0.023255813953488372
1951,trevis,Trevis,1,0,0,30.0,0.0,0.0,0.0,0.0,0.0
1951,veritas,Veritas,1,0,0,21.0,0.0,0.0,0.0,0.0,0.0
1951,watson,Watson,1,0,0,34.0,0.0,0.0,0.0,0.0,0.0
1952,afm,AFM,2,0,0,21.2,0.0,0.0,0.0,0.0,0.0
1952,alta,Alta,2,0,0,15.0,0.0,0.0,0.0,0.0,0.0
1952,aston-butterworth,Aston Butterworth,4,0,0,25.25,0.0,0.0,0.0,0.0,0.0
1952,balsa,Balsa,1,0,0,16.0,0.0,0.0,0.0,0.0,0.0
1952,bromme,Bromme,1,0,0,22.0,0.0,0.0,0.0,0.0,0.0
1952,cisitalia,Cisitalia,1,0,0,35.0,0.0,0.0,0.0,0.0,0.0
1952,connaught,Connaught,3,0,0,12.25,0.04149377593360996,0.0,0.0,1.6666666666666667,0.016597510373443983
1952,cooper,Cooper,6,0,1,11.6875,0.0995850622406639,0.0,0.07843137254901958,2.0,0.05944186803352045
1952,deidt,Deidt,1,0,0,24.0,0.0,0.0,0.0,0.0,0.0
1952,era,ERA,3,0,0,19.666666666666668,0.0,0.0,0.0,0.0,0.0
1952,ferrari,Ferrari,8,7,17,11.137254901960784,1.0,0.875,1.0,15.0625,0.9562499999999999
1952,frazer-nash,Frazer-Nash,4,0,0,13.75,0.024896265560165973,0.0,0.0,0.75,0.00995850622406639
1952,gordini,Gordini,7,0,2,12.521739130434783,0.14107883817427386,0.0,0.13445378151260504,2.4285714285714284,0.0900449806478608
1952,heck,Heck,1,0,0,12.0,0.0,0.0,0.0,0.0,0.0
1952,hwm,HWM,7,0,0,17.03846153846154,0.016597510373443983,0.0,0.0,0.2857142857142857,0.006639004149377594
1952,krakau,Krakau,1,0,0,33.0,0.0,0.0,0.0,0.0,0.0
1952,kurtis-kraft,Kurtis Kraft,1,0,2,16.714285714285715,0.1078838174273859,0.0,0.9411764705882353,13.0,0.2784476446180132
1952,kuzma,Kuzma,1,1,1,1.0,0.06639004149377593,1.0,0.47058823529411764,8.0,0.4942030754210398
1952,lesovsky,Lesovsky,1,0,0,14.333333333333334,0.024896265560165973,0.0,0.0,3.0,0.00995850622406639
1952,maserati,Maserati,6,0,1,16.6,0.07053941908713693,0.0,0.07843137254901958,1.4166666666666667,0.04782361077210967
1952,nacke,Nacke,1,0,0,18.0,0.0,0.0,0.0,0.0,0.0
1952,osca,O.S.C.A.,1,0,0,24.0,0.0,0.0,0.0,0.0,0.0
1952,reif,Reif,1,0,0,20.0,0.0,0.0,0.0,0.0,0.0
1952,sherman,Sherman,1,0,0,15.0,0.0,0.0,0.0,0.0,0.0
1952,simca-gordini,Simca-Gordini,6,0,0,20.0,0.0,0.0,0.0,0.0,0.0
1952,stevens,Stevens,1,0,0,23.0,0.0,0.0,0.0,0.0,0.0
1952,trevis,Trevis,1,0,0,16.0,0.0,0.0,0.0,0.0,0.0
1952,veritas,Veritas,3,0,0,16.77777777777778,0.0,0.0,0.0,0.0,0.0
1952,watson,Watson,1,0,0,12.0,0.0,0.0,0.0,0.0,0.0
1953,afm,AFM,2,0,0,27.5,0.0,0.0,0.0,0.0,0.0
1953,bromme,Bromme,1,0,0,45.0,0.0,0.0,0.0,0.0,0.0
1953,connaught,Connaught,6,0,0,19.33333333333333,0.0,0.0,0.0,0.0,0.0
1953,cooper,Cooper,7,0,0,15.761904761904765,0.0,0.0,0.0,0.0,0.0
1953,del-roy,Del Roy,1,0,0,46.0,0.0,0.0,0.0,0.0,0.0
1953,emw,EMW,1,0,0,23.0,0.0,0.0,0.0,0.0,0.0
1953,ferrari,Ferrari,8,7,16,8.98,1.0,0.875,0.6666666666666666,15.3125,0.8729166666666667
1953,gordini,Gordini,8,0,0,15.620689655172416,0.0326530612244898,0.0,0.0,0.5,0.01306122448979592
1953,greifzu,Greifzu,1,0,0,15.0,0.0,0.0,0.0,0.0,0.0
1953,heck,Heck,1,0,0,16.0,0.0,0.0,0.0,0.0,0.0
1953,hwm,HWM,6,0,0,17.833333333333332,0.0,0.0,0.0,0.0,0.0
1953,kurtis-kraft,Kurtis Kraft,1,1,3,21.63636363636364,0.19591836734693877,1.0,1.0,24.0,0.6783673469387754
1953,kuzma,Kuzma,1,0,0,22.166666666666668,0.0,0.0,0.0,0.0,0.0
1953,lesovsky,Lesovsky,1,0,0,38.0,0.0,0.0,0.0,0.0,0.0
1953,maserati,Maserati,8,1,8,10.133333333333333,0.5346938775510204,0.125,0.3333333333333333,8.1875,0.3409608843537415
1953,osca,O.S.C.A.,4,0,0,21.285714285714285,0.0,0.0,0.0,0.0,0.0
1953,schroeder,Schroeder,1,0,0,20.0,0.0,0.0,0.0,0.0,0.0
1953,simca-gordini,Simca-Gordini,2,0,0,18.0,0.0,0.0,0.0,0.0,0.0
1953,stevens,Stevens,1,0,0,29.0,0.0,0.0,0.0,0.0,0.0
1953,turner,Turner,1,0,0,33.0,0.0,0.0,0.0,0.0,0.0
1953,veritas,Veritas,2,0,0,22.375,0.0,0.0,0.0,0.0,0.0
1953,watson,Watson,1,0,0,41.0,0.0,0.0,0.0,0.0,0.0
1954,bromme,Bromme,1,0,0,50.5,0.0,0.0,0.0,0.0,0.0
1954,connaught,Connaught,1,0,0,15.8,0.0,0.0,0.0,0.0,0.0
1954,cooper,Cooper,1,0,0,25.666666666666668,0.0,0.0,0.0,0.0,0.0
1954,ferrari,Ferrari,8,2,12,10.063829787234043,1.0,0.25,0.75,10.035,0.675
1954,gordini,Gordini,8,0,0,14.12,0.051569506726457395,0.0,0.0,0.5175,0.02062780269058296
1954,hwm,HWM,1,0,0,17.0,0.0,0.0,0.0,0.0,0.0
1954,klenk,Klenk,1,0,0,15.0,0.0,0.0,0.0,0.0,0.0
1954,kurtis-kraft,Kurtis Kraft,1,1,2,25.37142857142857,0.2242152466367713,1.0,1.0,18.0,0.6896860986547085
1954,kuzma,Kuzma,1,0,1,14.75,0.07473841554559044,0.0,0.5,6.0,0.15489536621823619
1954,lancia,Lancia,1,0,0,20.5,0.01245640259093174,0.0,0.0,1.0,0.0049825610363726965
1954,maserati,Maserati,8,2,5,12.119402985074627,0.5782262082710513,0.25,0.3125,5.8025,0.3969154833084205
1954,mercedes,Mercedes,6,4,7,6.555555555555555,0.7491280518186347,0.6666666666666666,0.5833333333333334,10.023333333333332,0.6788178873941206
1954,nichels,Nichels,1,0,0,41.0,0.0,0.0,0.0,0.0,0.0
1954,pankratz,Pankratz,1,0,0,27.0,0.0,0.0,0.0,0.0,0.0
1954,pawl,Pawl,1,0,0,36.5,0.0,0.0,0.0,0.0,0.0
1954,phillips,Phillips,1,0,0,8.0,0.0,0.0,0.0,0.0,0.0
1954,schroeder,Schroeder,1,0,0,48.0,0.0,0.0,0.0,0.0,0.0
1954,stevens,Stevens,1,0,0,23.0,0.0,0.0,0.0,0.0,0.0
1954,vanwall,Vanwall,3,0,0,19.666666666666668,0.0,0.0,0.0,0.0,0.0
1955,arzani-volpini,Arzani-Volpini,1,0,0,23.0,0.0,0.0,0.0,0.0,0.0
1955,connaught,Connaught,1,0,0,21.8,0.0,0.0,0.0,0.0,0.0
1955,cooper,Cooper,1,0,0,14.0,0.0,0.0,0.0,0.0,0.0
1955,epperly,Epperly,1,0,0,16.0,0.0,0.0,0.0,0.0,0.0
1955,ferrari,Ferrari,6,1,5,8.586206896551724,0.43025316455696205,0.1666666666666666,0.2777777777777778,5.665,0.2998790436005626
1955,gordini,Gordini,5,0,0,17.6,0.0,0.0,0.0,0.0,0.0
1955,hwm,HWM,1,0,0,25.0,0.0,0.0,0.0,0.0,0.0
1955,kurtis-kraft,Kurtis Kraft,1,1,3,16.26086956521739,0.26582278481012656,1.0,1.0,21.0,0.7063291139240506
1955,kuzma,Kuzma,1,0,0,18.5,0.0379746835443038,0.0,0.0,3.0,0.01518987341772152
1955,lancia,Lancia,4,0,1,17.727272727272727,0.10126582278481013,0.0,0.08333333333333333,2.0,0.06133966244725739
1955,maserati,Maserati,6,0,2,14.254901960784316,0.2911392405063291,0.0,0.1111111111111111,3.8333333333333335,0.14423347398030945
1955,mercedes,Mercedes,6,5,10,9.708333333333334,1.0,0.8333333333333334,0.5555555555555556,13.166666666666666,0.8305555555555556
1955,pankratz,Pankratz,1,0,0,35.0,0.0,0.0,0.0,0.0,0.0
1955,pawl,Pawl,1,0,0,24.0,0.0,0.0,0.0,0.0,0.0
1955,phillips,Phillips,1,0,0,17.0,0.0,0.0,0.0,0.0,0.0
1955,schroeder,Schroeder,1,0,0,22.0,0.0,0.0,0.0,0.0,0.0
1955,stevens,Stevens,1,0,0,33.0,0.0,0.0,0.0,0.0,0.0
1955,trevis,Trevis,1,0,0,17.5,0.0,0.0,0.0,0.0,0.0
1955,vanwall,Vanwall,4,0,0,16.142857142857142,0.0,0.0,0.0,0.0,0.0
1956,brm,BRM,2,0,0,21.8,0.0,0.0,0.0,0.0,0.0
1956,bugatti,Bugatti,1,0,0,19.0,0.0,0.0,0.0,0.0,0.0
1956,connaught,Connaught,3,0,0,13.714285714285714,0.11180124223602485,0.0,0.0,3.0,0.04472049689440994
1956,cooper,Cooper,1,0,0,13.0,0.0,0.0,0.0,0.0,0.0
1956,emeryson,Emeryson,1,0,0,27.0,0.0,0.0,0.0,0.0,0.0
1956,ferrari,Ferrari,7,5,14,9.977777777777778,1.0,0.7142857142857143,1.0,11.5,0.9
1956,gordini,Gordini,5,0,0,13.733333333333333,0.024844720496894408,0.0,0.0,0.4,0.009937888198757764
1956,kurtis-kraft,Kurtis Kraft,1,0,1,20.347826086956523,0.11180124223602485,0.0,0.5,9.0,0.16972049689440993
1956,kuzma,Kuzma,1,0,0,14.857142857142858,0.037267080745341616,0.0,0.0,3.0,0.014906832298136647
1956,lesovsky,Lesovsky,1,0,0,9.0,0.0,0.0,0.0,0.0,0.0
1956,maserati,Maserati,7,2,7,11.714285714285714,0.8944099378881988,0.2857142857142857,0.5,10.285714285714286,0.5827639751552796
1956,phillips,Phillips,1,0,1,3.0,0.049689440993788817,0.0,0.5,4.0,0.14487577639751553
1956,stevens,Stevens,1,0,0,10.0,0.0,0.0,0.0,0.0,0.0
1956,vanwall,Vanwall,5,0,0,16.714285714285715,0.037267080745341616,0.0,0.0,0.6,0.014906832298136647
1956,watson,Watson,1,1,1,1.0,0.09937888198757763,1.0,0.5,8.0,0.514751552795031
1957,brm,BRM,3,0,0,15.5,0.0,0.0,0.0,0.0,0.0
1957,connaught,Connaught,1,0,0,8.5,0.038461538461538464,0.0,0.0,3.0,0.015384615384615385
1957,cooper,Cooper,5,0,0,13.625,0.02564102564102564,0.0,0.0,0.4,0.010256410256410256
1957,dunn,Dunn,1,0,0,21.0,0.0,0.0,0.0,0.0,0.0
1957,epperly,Epperly,1,1,2,1.5,0.19230769230769232,1.0,1.0,15.0,0.676923076923077
1957,ferrari,Ferrari,7,0,6,8.34375,0.6153846153846154,0.0,0.42857142857142855,6.857142857142857,0.3532967032967033
1957,kurtis-kraft,Kurtis Kraft,1,0,0,18.33333333333333,0.0641025641025641,0.0,0.0,5.0,0.02564102564102564
1957,kuzma,Kuzma,1,0,1,14.4,0.05128205128205128,0.0,0.5,4.0,0.14551282051282052
1957,lesovsky,Lesovsky,1,0,0,20.0,0.0,0.0,0.0,0.0,0.0
1957,maserati,Maserati,7,4,10,10.885245901639344,1.0,0.5714285714285714,0.7142857142857143,11.142857142857142,0.7785714285714286
1957,phillips,Phillips,1,0,0,9.0,0.0,0.0,0.0,0.0,0.0
1957,porsche,Porsche,1,0,0,14.333333333333334,0.0,0.0,0.0,0.0,0.0
1957,vanwall,Vanwall,6,3,5,9.0,0.47435897435897434,0.5,0.4166666666666667,6.166666666666667,0.4689102564102564
1957,watson,Watson,1,0,0,31.0,0.0,0.0,0.0,0.0,0.0
1958,brm,BRM,9,0,2,11.363636363636363,0.25806451612903225,0.0,0.1111111111111111,2.6666666666666665,0.13100358422939068
1958,connaught,Connaught,2,0,0,21.6,0.0,0.0,0.0,0.0,0.0
1958,cooper,Cooper,10,2,5,10.829268292682928,0.40860215053763443,0.2,0.25,3.8,0.2959408602150538
1958,dunn,Dunn,1,0,0,24.0,0.0,0.0,0.0,0.0,0.0
1958,epperly,Epperly,1,1,2,3.0,0.21505376344086022,1.0,1.0,20.0,0.6860215053763441
1958,ferrari,Ferrari,10,2,14,7.647058823529412,1.0,0.2,0.7,9.3,0.645
1958,kurtis-kraft,Kurtis Kraft,1,0,1,19.0625,0.043010752688172046,0.0,0.5,4.0,0.14220430107526882
1958,kuzma,Kuzma,1,0,0,19.8,0.0,0.0,0.0,0.0,0.0
1958,lesovsky,Lesovsky,1,0,0,22.5,0.0,0.0,0.0,0.0,0.0
1958,lotus,Lotus,9,0,0,12.263157894736842,0.03225806451612903,0.0,0.0,0.3333333333333333,0.012903225806451613
1958,maserati,Maserati,10,0,0,13.709090909090907,0.0967741935483871,0.0,0.0,0.9,0.03870967741935484
1958,osca,O.S.C.A.,1,0,0,25.5,0.0,0.0,0.0,0.0,0.0
1958,phillips,Phillips,1,0,0,7.0,0.0,0.0,0.0,0.0,0.0
1958,porsche,Porsche,2,0,0,12.666666666666666,0.0,0.0,0.0,0.0,0.0
1958,vanwall,Vanwall,9,6,9,10.185185185185183,0.7311827956989247,0.6666666666666666,0.5,7.555555555555555,0.6508064516129032
1958,watson,Watson,1,0,0,17.25,0.0,0.0,0.0,0.0,0.0
1959,aston-martin,Aston Martin,4,0,0,11.125,0.0,0.0,0.0,0.0,0.0
1959,behra-porsche,Behra-Porsche,2,0,0,18.5,0.0,0.0,0.0,0.0,0.0
1959,brm,BRM,7,1,2,9.454545454545457,0.23076923076923078,0.1428571428571428,0.14285714285714285,3.2142857142857144,0.178021978021978
1959,christensen,Christensen,1,0,0,27.0,0.0,0.0,0.0,0.0,0.0
1959,connaught,Connaught,1,0,0,18.0,0.0,0.0,0.0,0.0,0.0
1959,cooper,Cooper,8,5,13,11.107692307692307,1.0,0.625,0.8125,12.1875,0.821875
1959,dunn,Dunn,1,0,0,13.0,0.0,0.0,0.0,0.0,0.0
1959,elder,Elder,1,0,0,23.0,0.0,0.0,0.0,0.0,0.0
1959,epperly,Epperly,1,0,0,12.0,0.05128205128205128,0.0,0.0,5.0,0.020512820512820513
1959,ferrari,Ferrari,7,2,9,7.310344827586207,0.6871794871794872,0.2857142857142857,0.6428571428571429,9.571428571428571,0.5355860805860806
1959,fry,Fry,1,0,0,26.0,0.0,0.0,0.0,0.0,0.0
1959,jbw,JBW,1,0,0,22.0,0.0,0.0,0.0,0.0,0.0
1959,kurtis-kraft,Kurtis Kraft,2,0,0,18.46153846153846,0.0,0.0,0.0,0.0,0.0
1959,kuzma,Kuzma,1,0,0,15.4,0.0,0.0,0.0,0.0,0.0
1959,lesovsky,Lesovsky,1,0,1,17.5,0.05128205128205128,0.0,0.5,5.0,0.14551282051282052
1959,lotus,Lotus,8,0,0,14.578947368421051,0.05128205128205128,0.0,0.0,0.625,0.020512820512820513
1959,maserati,Maserati,5,0,0,15.555555555555555,0.0,0.0,0.0,0.0,0.0
1959,moore,Moore,1,0,0,12.0,0.0,0.0,0.0,0.0,0.0
1959,phillips,Phillips,1,0,0,24.0,0.0,0.0,0.0,0.0,0.0
1959,porsche,Porsche,4,0,0,12.5,0.0,0.0,0.0,0.0,0.0
1959,sutton,Sutton,1,0,0,30.0,0.0,0.0,0.0,0.0,0.0
1959,tec-mec,Tec-Mec,1,0,0,13.0,0.0,0.0,0.0,0.0,0.0
1959,vanwall,Vanwall,1,0,0,24.0,0.0,0.0,0.0,0.0,0.0
1959,watson,Watson,1,1,2,10.5,0.14358974358974358,1.0,1.0,14.0,0.6574358974358974
1960,aston-martin,Aston Martin,2,0,0,17.333333333333332,0.0,0.0,0.0,0.0,0.0
1960,behra-porsche,Behra-Porsche,2,0,0,11.5,0.0,0.0,0.0,0.0,0.0
1960,brm,BRM,8,0,1,12.434782608695652,0.03524229074889868,0.0,0.03879310344827586,1.0,0.02379519216162844
1960,christensen,Christensen,1,0,0,18.0,0.0,0.0,0.0,0.0,0.0
1960,cooper,Cooper,9,12,29,11.344086021505376,1.0,1.0,1.0,25.22222222222222,1.0
1960,epperly,Epperly,1,0,1,18.83333333333333,0.01762114537444934,0.0,0.3103448275862069,4.0,0.08463466504633146
1960,ewing,Ewing,1,0,0,26.5,0.0,0.0,0.0,0.0,0.0
1960,ferrari,Ferrari,8,1,5,7.4,0.1894273127753304,0.09375,0.1939655172413793,5.375,0.157074804420477
1960,jbw,JBW,4,0,0,15.5,0.0,0.0,0.0,0.0,0.0
1960,kurtis-kraft,Kurtis Kraft,1,0,0,21.875,0.0,0.0,0.0,0.0,0.0
1960,kuzma,Kuzma,1,0,0,12.5,0.0,0.0,0.0,0.0,0.0
1960,lesovsky,Lesovsky,1,0,0,5.0,0.00881057268722467,0.0,0.0,2.0,0.0035242290748898684
1960,lotus,Lotus,8,2,7,9.636363636363637,0.2290748898678414,0.1875,0.27155172413793105,6.5,0.22514288698161933
1960,maserati,Maserati,3,0,0,17.857142857142858,0.0,0.0,0.0,0.0,0.0
1960,meskowski,Meskowski,1,0,0,12.0,0.0,0.0,0.0,0.0,0.0
1960,phillips,Phillips,1,0,0,4.0,0.013215859030837005,0.0,0.0,3.0,0.005286343612334802
1960,porsche,Porsche,1,0,0,6.5,0.004405286343612335,0.0,0.0,1.0,0.0017621145374449342
1960,scarab,Scarab,5,0,0,18.666666666666668,0.0,0.0,0.0,0.0,0.0
1960,trevis,Trevis,1,0,0,7.5,0.004405286343612335,0.0,0.0,1.0,0.0017621145374449342
1960,vanwall,Vanwall,1,0,0,18.0,0.0,0.0,0.0,0.0,0.0
1960,watson,Watson,1,1,2,16.125,0.06167400881057269,0.75,0.6206896551724138,14.0,0.44234201731733247
1961,brm,BRM,8,0,1,13.375,0.09090909090909091,0.0,0.0625,1.125,0.05198863636363637
1961,cooper,Cooper,8,0,1,13.913793103448276,0.24242424242424243,0.0,0.0625,3.0,0.11259469696969698
1961,de-tomaso,De Tomaso,2,0,0,23.75,0.0,0.0,0.0,0.0,0.0
1961,emeryson,Emeryson,2,0,0,25.0,0.0,0.0,0.0,0.0,0.0
1961,ferguson,Ferguson,1,0,0,30.5,0.0,0.0,0.0,0.0,0.0
1961,ferrari,Ferrari,7,5,14,7.888888888888889,1.0,1.0,1.0,14.142857142857142,1.0
1961,gilby,Gilby,1,0,0,15.0,0.0,0.0,0.0,0.0,0.0
1961,jbw,JBW,1,0,0,23.0,0.0,0.0,0.0,0.0,0.0
1961,lotus,Lotus,8,3,5,16.01492537313433,0.4444444444444444,0.525,0.3125,5.5,0.4396527777777778
1961,porsche,Porsche,8,0,3,9.76,0.24242424242424243,0.0,0.1875,3.0,0.14384469696969698
1962,brabham,Brabham,3,0,0,8.666666666666666,0.0967741935483871,0.0,0.0,2.0,0.03870967741935484
1962,brm,BRM,9,4,8,7.05,1.0,1.0,1.0,6.888888888888889,1.0
1962,cooper,Cooper,9,1,7,9.633333333333333,0.7258064516129032,0.25,0.8750000000000001,5.0,0.5965725806451614
1962,de-tomaso,De Tomaso,1,0,0,29.0,0.0,0.0,0.0,0.0,0.0
1962,emeryson,Emeryson,3,0,0,14.666666666666666,0.0,0.0,0.0,0.0,0.0
1962,enb,ENB,1,0,0,16.0,0.0,0.0,0.0,0.0,0.0
1962,ferrari,Ferrari,6,0,4,9.80952380952381,0.4838709677419355,0.0,0.75,5.0,0.38104838709677424
1962,gilby,Gilby,2,0,0,21.5,0.0,0.0,0.0,0.0,0.0
1962,lds,LDS,1,0,0,12.0,0.0,0.0,0.0,0.0,0.0
1962,lola,Lola,9,0,2,12.764705882352942,0.3064516129032258,0.0,0.25,2.111111111111111,0.18508064516129033
1962,lotus,Lotus,9,4,5,13.702380952380953,0.9032258064516129,1.0,0.6250000000000001,6.222222222222222,0.8675403225806452
1962,porsche,Porsche,9,1,2,11.148148148148149,0.3225806451612903,0.25,0.25,2.2222222222222223,0.27903225806451615
1963,alfa-special,Alfa Special,1,0,0,15.0,0.0,0.0,0.0,0.0,0.0
1963,ats,ATS,5,0,0,16.0,0.0,0.0,0.0,0.0,0.0
1963,brabham,Brabham,10,0,4,9.35,0.24087591240875914,0.0,0.25,3.3,0.15885036496350366
1963,brm,BRM,10,2,10,7.6,0.4744525547445255,0.16666666666666669,0.625,6.5,0.40436435523114356
1963,brp,BRP,5,0,0,10.8,0.043795620437956206,0.0,0.0,1.2,0.017518248175182483
1963,cooper,Cooper,10,0,4,11.0,0.23357664233576642,0.0,0.25,3.2,0.15593065693430658
1963,de-tomaso,De Tomaso,1,0,0,28.0,0.0,0.0,0.0,0.0,0.0
1963,ferrari,Ferrari,10,1,3,11.63157894736842,0.19708029197080293,0.08333333333333334,0.18749999999999997,2.7,0.15487378345498784
1963,gilby,Gilby,3,0,0,21.33333333333333,0.0,0.0,0.0,0.0,0.0
1963,lds,LDS,1,0,0,15.5,0.0,0.0,0.0,0.0,0.0
1963,lola,Lola,9,0,0,13.533333333333331,0.0,0.0,0.0,0.0,0.0
1963,lotus,Lotus,10,12,16,12.063063063063064,1.0,1.0,1.0,13.7,1.0
1963,porsche,Porsche,8,0,0,11.0,0.0364963503649635,0.0,0.0,0.625,0.014598540145985401
1963,scirocco,Scirocco,5,0,0,17.285714285714285,0.0,0.0,0.0,0.0,0.0
1963,stebro,Stebro,1,0,0,7.0,0.0,0.0,0.0,0.0,0.0
1964,brabham,Brabham,10,3,9,12.0375,0.6153846153846154,0.5,0.9,6.4,0.6461538461538462
1964,brm,BRM,10,2,7,9.35135135135135,0.6730769230769231,0.33333333333333337,0.7,7.0,0.5608974358974359
1964,brp,BRP,8,0,0,12.714285714285714,0.04807692307692308,0.0,0.0,0.625,0.019230769230769232
1964,cooper,Cooper,10,0,2,12.125,0.15384615384615385,0.0,0.2,1.6,0.11153846153846154
1964,derrington-francis,Derrington-Francis,1,0,0,16.0,0.0,0.0,0.0,0.0,0.0
1964,ferrari,Ferrari,10,3,10,7.5,0.6153846153846154,0.5,1.0,6.4,0.6711538461538462
1964,honda,Honda,3,0,0,15.333333333333334,0.0,0.0,0.0,0.0,0.0
1964,lotus,Lotus,10,6,10,11.471698113207546,1.0,1.0,1.0,10.4,1.0
1964,porsche,Porsche,2,0,0,20.0,0.0,0.0,0.0,0.0,0.0
1964,scirocco,Scirocco,2,0,0,19.0,0.0,0.0,0.0,0.0,0.0
1965,alfa-special,Alfa Special,1,0,0,10.0,0.0,0.0,0.0,0.0,0.0
1965,brabham,Brabham,10,0,12,11.272727272727272,1.0,0.0,1.0,8.7,0.65
1965,brm,BRM,10,3,11,8.517241379310345,0.9310344827586207,0.5,0.9166666666666667,8.1,0.7765804597701149
1965,cooper,Cooper,10,0,1,12.416666666666666,0.16091954022988506,0.0,0.08333333333333334,1.4,0.08520114942528736
1965,ferrari,Ferrari,10,0,4,8.782608695652174,0.367816091954023,0.0,0.33333333333333337,3.2,0.23045977011494254
1965,honda,Honda,8,1,1,11.928571428571429,0.14942528735632185,0.20833333333333334,0.10416666666666667,1.625,0.15872844827586208
1965,lds,LDS,1,0,0,21.0,0.0,0.0,0.0,0.0,0.0
1965,lotus,Lotus,10,6,8,12.06060606060606,0.8275862068965517,1.0,0.6666666666666667,7.2,0.8477011494252873
1966,brabham,Brabham,9,8,21,11.013157894736842,1.0,1.0,1.0,15.77777777777778,1.0
1966,brm,BRM,9,1,4,10.52,0.23943661971830985,0.125,0.1904761904761905,3.7777777777777777,0.18714369550637155
1966,cooper,Cooper,9,1,6,9.642857142857142,0.34507042253521125,0.125,0.28571428571428575,5.444444444444445,0.25320674044265595
1966,eagle,Eagle,8,0,0,13.272727272727272,0.028169014084507043,0.0,0.0,0.5,0.011267605633802818
1966,ferrari,Ferrari,7,2,6,8.375,0.29577464788732394,0.32142857142857145,0.3673469387755102,6.0,0.3226465938488071
1966,honda,Honda,3,0,0,9.0,0.02112676056338028,0.0,0.0,1.0,0.008450704225352114
1966,lotus,Lotus,9,2,4,12.363636363636363,0.2746478873239437,0.25,0.1904761904761905,4.333333333333333,0.2449782025486251
1966,matra,Matra,1,0,0,13.25,0.0,0.0,0.0,0.0,0.0
1966,mclaren,McLaren,6,0,0,11.333333333333334,0.035211267605633804,0.0,0.0,0.8333333333333334,0.014084507042253523
1966,shannon,Shannon,1,0,0,20.0,0.0,0.0,0.0,0.0,0.0
1967,brabham,Brabham,11,8,28,7.216216216216216,1.0,1.0,1.0,18.545454545454547,1.0
1967,brm,BRM,11,0,2,11.411764705882351,0.10294117647058823,0.0,0.07142857142857142,1.9090909090909087,0.05903361344537815
1967,cooper,Cooper,11,2,4,10.456521739130435,0.3627450980392157,0.24999999999999997,0.14285714285714285,6.727272727272728,0.268312324929972
1967,eagle,Eagle,11,1,2,13.705882352941176,0.06372549019607843,0.12499999999999999,0.07142857142857142,1.181818181818182,0.08709733893557423
1967,ferrari,Ferrari,10,0,4,6.875,0.11274509803921569,0.0,0.15714285714285717,2.3,0.08438375350140057
1967,honda,Honda,9,1,2,7.111111111111111,0.09803921568627451,0.15277777777777776,0.0873015873015873,2.2222222222222223,0.11451330532212883
1967,lds,LDS,1,0,0,9.0,0.0,0.0,0.0,0.0,0.0
1967,lola,Lola,1,0,0,17.666666666666668,0.0,0.0,0.0,0.0,0.0
1967,lotus,Lotus,11,8,13,10.140350877192985,0.5196078431372549,1.0,0.4642857142857144,9.636363636363637,0.6739145658263306
1967,matra,Matra,4,0,0,14.0,0.0,0.0,0.0,0.0,0.0
1967,mclaren,McLaren,6,0,0,11.5,0.014705882352941176,0.0,0.0,0.5,0.0058823529411764705
1967,protos,Protos,1,0,0,17.5,0.0,0.0,0.0,0.0,0.0
1968,brabham,Brabham,12,0,2,12.941176470588236,0.10344827586206896,0.0,0.1666666666666666,1.0,0.08304597701149424
1968,brm,BRM,12,0,4,10.545454545454543,0.2413793103448276,0.0,0.3333333333333333,2.333333333333333,0.17988505747126438
1968,cooper,Cooper,12,0,2,11.8,0.1724137931034483,0.0,0.1666666666666666,1.6666666666666667,0.11063218390804597
1968,eagle,Eagle,6,0,0,14.333333333333334,0.0,0.0,0.0,0.0,0.0
1968,ferrari,Ferrari,11,1,5,10.625,0.31896551724137934,0.1818181818181818,0.4545454545454545,3.363636363636364,0.304858934169279
1968,honda,Honda,12,0,2,10.4,0.1206896551724138,0.0,0.1666666666666666,1.1666666666666667,0.08994252873563217
1968,lds,LDS,1,0,0,15.0,0.0,0.0,0.0,0.0,0.0
1968,lola,Lola,1,0,0,10.0,0.0,0.0,0.0,0.0,0.0
1968,lotus,Lotus,12,5,9,9.973684210526317,0.646551724137931,0.8333333333333334,0.75,6.25,0.7377873563218391
1968,matra,Matra,12,6,12,8.509803921568627,0.8620689655172413,1.0,1.0,8.333333333333334,0.9448275862068966
1968,mclaren,McLaren,12,6,12,9.430769230769233,1.0,1.0,1.0,9.666666666666666,1.0
1969,bmw,BMW,1,0,0,24.0,0.0,0.0,0.0,0.0,0.0
1969,brabham,Brabham,11,2,9,8.651162790697674,0.8,0.3333333333333333,0.9,6.181818181818182,0.6616666666666667
1969,brm,BRM,10,0,1,11.961538461538462,0.08235294117647059,0.0,0.11,0.7,0.060441176470588234
1969,cooper,Cooper,1,0,0,7.0,0.0,0.0,0.0,0.0,0.0
1969,eagle,Eagle,1,0,0,20.0,0.0,0.0,0.0,0.0,0.0
1969,ferrari,Ferrari,10,0,1,9.5,0.08235294117647059,0.0,0.11,0.7,0.060441176470588234
1969,lotus,Lotus,11,2,7,10.0,0.6941176470588235,0.3333333333333333,0.7,5.363636363636363,0.5693137254901961
1969,matra,Matra,11,6,10,6.037037037037037,1.0,1.0,1.0,7.727272727272727,1.0
1969,mclaren,McLaren,11,1,5,8.642857142857142,0.5764705882352941,0.16666666666666666,0.4999999999999999,4.454545454545454,0.41392156862745094
1969,tecno,Tecno,1,0,0,16.0,0.0,0.0,0.0,0.0,0.0
1970,bellasi,Bellasi,5,0,0,23.2,0.0,0.0,0.0,0.0,0.0
1970,brabham,Brabham,13,1,5,11.344827586206897,0.4605263157894737,0.16666666666666663,0.5555555555555555,2.6923076923076925,0.3814327485380117
1970,brm,BRM,13,1,2,13.54054054054054,0.32894736842105265,0.16666666666666663,0.22222222222222215,1.9230769230769231,0.24546783625730992
1970,de-tomaso,De Tomaso,11,0,0,16.90909090909091,0.0,0.0,0.0,0.0,0.0
1970,ferrari,Ferrari,13,4,9,8.04,1.0,0.6666666666666667,1.0,5.846153846153846,0.8833333333333333
1970,lotus,Lotus,13,6,7,12.510204081632653,0.9210526315789473,1.0,0.7777777777777778,5.384615384615385,0.9128654970760234
1970,march,March,13,1,8,11.682539682539682,0.7236842105263158,0.16666666666666663,0.888888888888889,4.230769230769231,0.5700292397660819
1970,matra,Matra,13,0,3,9.26923076923077,0.3157894736842105,0.0,0.33333333333333326,1.8461538461538465,0.20964912280701753
1970,mclaren,McLaren,12,0,5,12.731707317073171,0.47368421052631576,0.0,0.6018518518518519,3.0,0.33993664717348926
1970,surtees,Surtees,7,0,0,13.0,0.039473684210526314,0.0,0.0,0.4285714285714285,0.015789473684210527
1970,tyrrell,Tyrrell,3,0,0,15.0,0.0,0.0,0.0,0.0,0.0
1971,bellasi,Bellasi,1,0,0,20.0,0.0,0.0,0.0,0.0,0.0
1971,brabham,Brabham,11,0,1,15.32,0.07954545454545454,0.0,0.0909090909090909,0.6363636363636364,0.05454545454545455
1971,brm,BRM,11,2,4,11.578947368421051,0.4772727272727273,0.2857142857142857,0.3636363636363636,3.8181818181818175,0.38181818181818183
1971,ferrari,Ferrari,11,2,7,13.06896551724138,0.5,0.2857142857142857,0.6363636363636364,4.0,0.4590909090909091
1971,lotus,Lotus,11,0,3,12.48,0.2840909090909091,0.0,0.2727272727272727,2.272727272727273,0.18181818181818182
1971,march,March,11,0,5,14.649122807017545,0.42045454545454547,0.0,0.4545454545454545,3.363636363636364,0.28181818181818186
1971,matra,Matra,10,0,1,10.411764705882351,0.11363636363636363,0.0,0.1,1.0,0.07045454545454546
1971,mclaren,McLaren,11,0,1,14.96551724137931,0.14772727272727273,0.0,0.0909090909090909,1.181818181818182,0.08181818181818182
1971,surtees,Surtees,11,0,0,13.428571428571429,0.10227272727272728,0.0,0.0,0.8181818181818182,0.040909090909090916
1971,tyrrell,Tyrrell,11,7,11,7.913043478260869,1.0,1.0,1.0,8.0,1.0
1972,brabham,Brabham,12,0,0,14.303030303030305,0.10606060606060606,0.0,0.0,0.5833333333333334,0.04242424242424243
1972,brm,BRM,12,1,1,16.94,0.21212121212121213,0.1999999999999999,0.09090909090909088,1.1666666666666667,0.17757575757575755
1972,connew,Connew,2,0,0,24.0,0.0,0.0,0.0,0.0,0.0
1972,eifelland,Eifelland,8,0,0,14.875,0.0,0.0,0.0,0.0,0.0
1972,ferrari,Ferrari,12,1,6,10.5,0.7121212121212122,0.1999999999999999,0.5454545454545455,3.9166666666666665,0.4912121212121212
1972,lotus,Lotus,12,5,8,13.642857142857142,0.9242424242424242,1.0,0.7272727272727273,5.083333333333333,0.9015151515151514
1972,march,March,12,0,1,14.758620689655173,0.22727272727272727,0.0,0.09090909090909088,1.25,0.11363636363636363
1972,matra,Matra,12,0,1,10.416666666666666,0.18181818181818182,0.0,0.09090909090909088,1.0,0.09545454545454546
1972,mclaren,McLaren,12,1,11,6.68,1.0,0.1999999999999999,1.0,5.5,0.72
1972,politoys,Politoys,1,0,0,24.0,0.0,0.0,0.0,0.0,0.0
1972,surtees,Surtees,12,0,1,16.05263157894737,0.2727272727272727,0.0,0.09090909090909088,1.5,0.1318181818181818
1972,tecno,Tecno,8,0,0,24.0,0.0,0.0,0.0,0.0,0.0
1972,tyrrell,Tyrrell,12,4,7,10.0,0.9090909090909091,0.7999999999999999,0.6363636363636365,5.0,0.8027272727272727
1973,brabham,Brabham,15,0,2,12.878048780487806,0.1864406779661017,0.0,0.1333333333333333,1.4666666666666666,0.10790960451977401
1973,brm,BRM,15,0,0,13.688888888888888,0.11016949152542373,0.0,0.0,0.8666666666666667,0.04406779661016949
1973,ensign,Ensign,7,0,0,18.857142857142858,0.0,0.0,0.0,0.0,0.0
1973,ferrari,Ferrari,13,0,0,11.0,0.11864406779661017,0.0,0.0,1.0769230769230769,0.04745762711864407
1973,iso-marlboro,Iso-Marlboro,15,0,0,14.0,0.01694915254237288,0.0,0.0,0.1333333333333333,0.006779661016949153
1973,lotus,Lotus,15,7,15,8.67741935483871,0.9067796610169492,1.0,1.0,7.133333333333334,0.9627118644067797
1973,march,March,15,0,2,14.976190476190476,0.11864406779661017,0.0,0.1333333333333333,0.9333333333333332,0.0807909604519774
1973,mclaren,McLaren,15,3,8,8.942857142857143,0.576271186440678,0.4285714285714286,0.5333333333333333,4.533333333333333,0.5138418079096045
1973,shadow,Shadow,13,0,2,15.692307692307692,0.07627118644067797,0.0,0.1538461538461538,0.6923076923076923,0.06897001303780964
1973,surtees,Surtees,15,0,1,15.085714285714284,0.059322033898305086,0.0,0.0666666666666666,0.4666666666666667,0.040395480225988684
1973,tecno,Tecno,5,0,0,17.6,0.00847457627118644,0.0,0.0,0.2,0.0033898305084745766
1973,tyrrell,Tyrrell,15,5,15,7.787878787878788,1.0,0.7142857142857142,1.0,7.866666666666666,0.8999999999999999
1974,amon,Amon,4,0,0,28.0,0.0,0.0,0.0,0.0,0.0
1974,brabham,Brabham,15,3,5,15.163636363636364,0.5111111111111111,0.7500000000000002,0.41666666666666663,3.066666666666667,0.5711111111111111
1974,brm,BRM,15,0,1,16.825,0.1111111111111111,0.0,0.08333333333333325,0.6666666666666666,0.06527777777777775
1974,ensign,Ensign,12,0,0,23.58333333333333,0.0,0.0,0.0,0.0,0.0
1974,ferrari,Ferrari,15,3,12,8.933333333333334,1.0,0.7500000000000002,1.0,6.0,0.9125000000000001
1974,hesketh,Hesketh,13,0,3,15.714285714285714,0.16666666666666666,0.0,0.2884615384615384,1.1538461538461535,0.13878205128205126
1974,iso-marlboro,Iso-Marlboro,15,0,0,19.678571428571427,0.044444444444444446,0.0,0.0,0.2666666666666666,0.017777777777777778
1974,lola,Lola,15,0,0,14.7,0.011111111111111112,0.0,0.0,0.0666666666666666,0.0044444444444444444
1974,lotus,Lotus,15,3,6,12.909090909090908,0.5222222222222223,0.7500000000000002,0.5,3.1333333333333333,0.596388888888889
1974,lyncar,Lyncar,1,0,0,31.0,0.0,0.0,0.0,0.0,0.0
1974,maki,Maki,2,0,0,32.0,0.0,0.0,0.0,0.0,0.0
1974,march,March,15,0,0,17.242424242424242,0.06666666666666667,0.0,0.0,0.4,0.02666666666666667
1974,mclaren,McLaren,15,4,10,9.326086956521738,0.9666666666666667,1.0,0.8333333333333333,5.8,0.9450000000000001
1974,parnelli,Parnelli,2,0,0,17.0,0.0,0.0,0.0,0.0,0.0
1974,penske,Penske,2,0,0,16.0,0.0,0.0,0.0,0.0,0.0
1974,shadow,Shadow,14,0,1,15.607142857142858,0.07777777777777778,0.0,0.08928571428571425,0.5,0.05343253968253968
1974,surtees,Surtees,15,0,0,21.444444444444443,0.03333333333333333,0.0,0.0,0.2,0.013333333333333334
1974,token,Token,4,0,0,18.25,0.0,0.0,0.0,0.0,0.0
1974,trojan,Trojan,8,0,0,18.875,0.0,0.0,0.0,0.0,0.0
1974,tyrrell,Tyrrell,15,2,7,9.516129032258064,0.6555555555555556,0.5,0.5833333333333333,3.933333333333333,0.5830555555555555
1975,brabham,Brabham,14,2,9,9.892857142857142,0.6815642458100558,0.33333333333333326,0.8181818181818182,4.357142857142857,0.5938378195361436
1975,brm,BRM,11,0,0,18.545454545454547,0.0,0.0,0.0,0.0,0.0
1975,ensign,Ensign,9,0,0,16.181818181818183,0.0111731843575419,0.0,0.0,0.1111111111111111,0.00446927374301676
1975,ferrari,Ferrari,14,6,11,7.142857142857143,1.0,1.0,1.0,6.392857142857143,1.0
1975,fittipaldi,Fittipaldi,14,0,0,18.285714285714285,0.0,0.0,0.0,0.0,0.0
1975,frank-williams-racing-cars,Frank Williams Racing Cars,14,0,1,18.11111111111111,0.0670391061452514,0.0,0.09090909090909087,0.4285714285714285,0.04954291518537328
1975,hesketh,Hesketh,14,1,4,11.73076923076923,0.3687150837988827,0.16666666666666663,0.36363636363636365,2.357142857142857,0.2967284577619773
1975,hill,Hill,11,0,0,14.2,0.0335195530726257,0.0,0.0,0.2727272727272727,0.013407821229050279
1975,lola,Lola,3,0,0,14.0,0.0,0.0,0.0,0.0,0.0
1975,lotus,Lotus,14,0,1,14.161290322580646,0.1005586592178771,0.0,0.09090909090909087,0.6428571428571429,0.06295073641442356
1975,lyncar,Lyncar,1,0,0,17.0,0.0,0.0,0.0,0.0,0.0
1975,maki,Maki,5,0,0,27.4,0.0,0.0,0.0,0.0,0.0
1975,march,March,14,1,1,16.696969696969695,0.1005586592178771,0.16666666666666663,0.09090909090909087,0.6428571428571429,0.12128406974775688
1975,mclaren,McLaren,14,3,10,10.137931034482758,0.7262569832402235,0.4999999999999999,0.9090909090909092,4.642857142857143,0.6927755205688166
1975,parnelli,Parnelli,12,0,0,14.333333333333334,0.055865921787709494,0.0,0.0,0.4166666666666667,0.0223463687150838
1975,penske,Penske,10,0,0,12.1,0.0223463687150838,0.0,0.0,0.2,0.00893854748603352
1975,shadow,Shadow,14,0,1,14.428571428571429,0.10614525139664804,0.0,0.09090909090909087,0.6785714285714286,0.06518537328593194
1975,surtees,Surtees,11,0,0,14.833333333333334,0.0,0.0,0.0,0.0,0.0
1975,tyrrell,Tyrrell,14,1,4,10.483870967741936,0.3575418994413408,0.16666666666666663,0.36363636363636365,2.2857142857142856,0.29225918401896056
1976,boro,Boro,6,0,0,18.166666666666668,0.0,0.0,0.0,0.0,0.0
1976,brabham,Brabham,16,0,0,17.5531914893617,0.1111111111111111,0.0,0.0,0.6875,0.044444444444444446
1976,brm,BRM,1,0,0,22.0,0.0,0.0,0.0,0.0,0.0
1976,ensign,Ensign,14,0,0,14.642857142857142,0.020202020202020204,0.0,0.0,0.1428571428571428,0.008080808080808083
1976,ferrari,Ferrari,15,6,13,8.233333333333333,1.0,1.0,1.0,6.6,1.0
1976,fittipaldi,Fittipaldi,16,0,0,17.6,0.030303030303030304,0.0,0.0,0.1875,0.012121212121212123
1976,hesketh,Hesketh,15,0,0,18.73913043478261,0.0,0.0,0.0,0.0,0.0
1976,kojima,Kojima,1,0,0,11.0,0.0,0.0,0.0,0.0,0.0
1976,ligier,Ligier,16,0,3,12.5,0.20202020202020202,0.0,0.21634615384615383,1.25,0.13489461926961926
1976,lotus,Lotus,16,1,5,14.516129032258064,0.32323232323232326,0.15625,0.3605769230769231,2.0,0.2741246600621601
1976,maki,Maki,1,0,0,27.0,0.0,0.0,0.0,0.0,0.0
1976,march,March,16,1,1,15.981818181818182,0.1919191919191919,0.15625,0.07211538461538461,1.1875,0.1494840229215229
1976,mclaren,McLaren,16,6,10,9.03125,0.8888888888888888,0.9375,0.7211538461538461,5.5,0.8639690170940171
1976,parnelli,Parnelli,2,0,0,10.5,0.010101010101010102,0.0,0.0,0.5,0.004040404040404041
1976,penske,Penske,16,1,3,11.176470588235292,0.20202020202020202,0.15625,0.21634615384615383,1.25,0.18958211926961926
1976,shadow,Shadow,16,0,1,11.666666666666666,0.10101010101010101,0.0,0.07211538461538461,0.625,0.05843288655788656
1976,surtees,Surtees,15,0,0,15.18421052631579,0.0707070707070707,0.0,0.0,0.4666666666666667,0.028282828282828285
1976,tyrrell,Tyrrell,16,1,12,11.195121951219512,0.8888888888888888,0.15625,0.8653846153846153,5.5,0.6265892094017094
1976,wolf-williams,Wolf-Williams,16,0,0,18.464285714285715,0.0,0.0,0.0,0.0,0.0
1977,apollon,Apollon,1,0,0,33.0,0.0,0.0,0.0,0.0,0.0
1977,boro,Boro,2,0,0,27.0,0.0,0.0,0.0,0.0,0.0
1977,brabham,Brabham,17,0,4,13.314285714285717,0.23684210526315788,0.0,0.25,1.588235294117647,0.15723684210526317
1977,brm,BRM,10,0,0,28.5,0.0,0.0,0.0,0.0,0.0
1977,ensign,Ensign,17,0,0,15.576923076923077,0.08771929824561403,0.0,0.0,0.5882352941176471,0.03508771929824561
1977,ferrari,Ferrari,17,4,16,7.558823529411764,1.0,0.8,1.0,6.705882352941177,0.93
1977,fittipaldi,Fittipaldi,16,0,0,13.833333333333334,0.09649122807017543,0.0,0.0,0.6875,0.03859649122807018
1977,hesketh,Hesketh,12,0,0,20.035714285714285,0.0,0.0,0.0,0.0,0.0
1977,kojima,Kojima,1,0,0,16.5,0.0,0.0,0.0,0.0,0.0
1977,lec,LEC,5,0,0,21.8,0.0,0.0,0.0,0.0,0.0
1977,ligier,Ligier,17,1,2,11.444444444444445,0.15789473684210525,0.2,0.125,1.0588235294117647,0.1644078947368421
1977,lotus,Lotus,17,5,7,11.794117647058824,0.5877192982456141,1.0,0.43750000000000006,3.941176470588236,0.6944627192982457
1977,march,March,17,0,0,20.044117647058822,0.0,0.0,0.0,0.0,0.0
1977,mcguire,McGuire,1,0,0,35.0,0.0,0.0,0.0,0.0,0.0
1977,mclaren,McLaren,17,3,7,13.37735849056604,0.5701754385964912,0.6000000000000001,0.43750000000000006,3.823529411764706,0.5474451754385965
1977,penske,Penske,13,0,0,16.470588235294116,0.008771929824561403,0.0,0.0,0.0769230769230769,0.0035087719298245615
1977,renault,Renault,5,0,0,20.2,0.0,0.0,0.0,0.0,0.0
1977,shadow,Shadow,17,1,2,13.029411764705882,0.21052631578947367,0.2,0.125,1.411764705882353,0.18546052631578946
1977,surtees,Surtees,17,0,0,15.666666666666666,0.05263157894736842,0.0,0.0,0.3529411764705882,0.021052631578947368
1977,tyrrell,Tyrrell,17,0,4,13.114285714285714,0.23684210526315788,0.0,0.25,1.588235294117647,0.15723684210526317
1977,wolf,Wolf,17,3,9,9.058823529411764,0.4824561403508772,0.6000000000000001,0.5625000000000001,3.235294117647059,0.543607456140351
1978,arrows,Arrows,15,0,1,16.392857142857142,0.09482758620689655,0.0,0.07619047619047611,0.7333333333333333,0.05697865353037765
1978,ats-wheels,ATS,16,0,0,19.15625,0.0,0.0,0.0,0.0,0.0
1978,brabham,Brabham,16,2,10,11.181818181818182,0.5948275862068966,0.25,0.7142857142857143,4.3125,0.5040024630541873
1978,ensign,Ensign,16,0,0,20.32,0.008620689655172414,0.0,0.0,0.0625,0.0034482758620689655
1978,ferrari,Ferrari,16,5,9,9.75,0.5603448275862069,0.625,0.6428571428571429,4.0625,0.6036022167487685
1978,fittipaldi,Fittipaldi,16,0,1,11.4375,0.14655172413793102,0.0,0.07142857142857142,1.0625,0.07647783251231527
1978,hesketh,Hesketh,6,0,0,27.0,0.0,0.0,0.0,0.0,0.0
1978,ligier,Ligier,16,0,2,8.1875,0.16379310344827586,0.0,0.14285714285714285,1.1875,0.10123152709359606
1978,lotus,Lotus,16,8,14,12.625,1.0,1.0,1.0,7.25,1.0
1978,march,March,1,0,0,32.0,0.0,0.0,0.0,0.0,0.0
1978,martini,Martini,7,0,0,18.571428571428573,0.0,0.0,0.0,0.0,0.0
1978,mclaren,McLaren,16,0,1,15.0,0.13793103448275862,0.0,0.07142857142857142,1.0,0.0730295566502463
1978,merzario,Merzario,16,0,0,23.41176470588235,0.0,0.0,0.0,0.0,0.0
1978,renault,Renault,14,0,0,15.642857142857142,0.02586206896551724,0.0,0.0,0.2142857142857142,0.010344827586206896
1978,shadow,Shadow,16,0,0,18.11764705882353,0.05172413793103448,0.0,0.0,0.375,0.020689655172413793
1978,surtees,Surtees,16,0,0,19.96875,0.008620689655172414,0.0,0.0,0.0625,0.0034482758620689655
1978,theodore,Theodore,7,0,0,26.142857142857142,0.0,0.0,0.0,0.0,0.0
1978,tyrrell,Tyrrell,16,1,5,12.46875,0.35344827586206895,0.125,0.35714285714285715,2.5625,0.2744150246305419
1978,williams,Williams,16,0,1,12.25,0.09482758620689655,0.0,0.07142857142857142,0.6875,0.055788177339901476
1978,wolf,Wolf,16,0,4,12.454545454545457,0.20689655172413793,0.0,0.2857142857142857,1.5,0.1541871921182266
1979,alfa-romeo,Alfa Romeo,5,0,0,18.285714285714285,0.0,0.0,0.0,0.0,0.0
1979,arrows,Arrows,15,0,0,14.233333333333333,0.04424778761061947,0.0,0.0,0.3333333333333333,0.017699115044247787
1979,ats-wheels,ATS,15,0,0,17.6,0.017699115044247787,0.0,0.0,0.1333333333333333,0.007079646017699115
1979,brabham,Brabham,15,0,0,15.233333333333333,0.061946902654867256,0.0,0.0,0.4666666666666667,0.024778761061946902
1979,ensign,Ensign,15,0,0,20.133333333333333,0.0,0.0,0.0,0.0,0.0
1979,ferrari,Ferrari,15,6,13,5.2,1.0,1.0,1.0,7.533333333333333,1.0
1979,fittipaldi,Fittipaldi,15,0,0,15.705882352941176,0.008849557522123894,0.0,0.0,0.0666666666666666,0.0035398230088495575
1979,kauhsen,Kauhsen,2,0,0,27.5,0.0,0.0,0.0,0.0,0.0
1979,ligier,Ligier,15,3,8,11.433333333333334,0.5398230088495575,0.5,0.6153846153846153,4.066666666666666,0.5447753573859768
1979,lotus,Lotus,15,0,5,13.341463414634148,0.34513274336283184,0.0,0.3846153846153846,2.6,0.2342069434989789
1979,mclaren,McLaren,15,0,1,13.266666666666667,0.13274336283185842,0.0,0.07692307692307684,1.0,0.07232811436351258
1979,merzario,Merzario,15,0,0,25.866666666666667,0.0,0.0,0.0,0.0,0.0
1979,rebaque,Rebaque,3,0,0,24.0,0.0,0.0,0.0,0.0,0.0
1979,renault,Renault,15,1,4,15.6,0.23008849557522124,0.1666666666666665,0.3076923076923076,1.7333333333333334,0.22729180848649866
1979,shadow,Shadow,15,0,0,15.233333333333333,0.02654867256637168,0.0,0.0,0.2,0.010619469026548672
1979,tyrrell,Tyrrell,15,0,4,10.65625,0.24778761061946902,0.0,0.3076923076923076,1.8666666666666667,0.1760381211708645
1979,williams,Williams,15,5,10,9.433333333333334,0.6637168141592921,0.8333333333333333,0.7692307692307692,5.0,0.7494610846380758
1979,wolf,Wolf,15,0,0,16.533333333333335,0.0,0.0,0.0,0.0,0.0
1980,alfa-romeo,Alfa Romeo,14,0,0,16.5,0.03333333333333333,0.0,0.0,0.2857142857142857,0.013333333333333334
1980,arrows,Arrows,14,0,1,14.275862068965518,0.09166666666666666,0.0,0.055555555555555525,0.7857142857142857,0.05055555555555555
1980,ats-wheels,ATS,14,0,0,17.38888888888889,0.0,0.0,0.0,0.0,0.0
1980,brabham,Brabham,14,3,6,11.535714285714286,0.4583333333333333,0.4999999999999999,0.33333333333333326,3.928571428571429,0.44166666666666665
1980,ensign,Ensign,14,0,0,19.875,0.0,0.0,0.0,0.0,0.0
1980,ferrari,Ferrari,14,0,0,12.25,0.06666666666666667,0.0,0.0,0.5714285714285714,0.02666666666666667
1980,fittipaldi,Fittipaldi,14,0,2,14.642857142857142,0.09166666666666666,0.0,0.11111111111111105,0.7857142857142857,0.06444444444444443
1980,ligier,Ligier,14,2,10,9.285714285714286,0.55,0.33333333333333326,0.5555555555555556,4.714285714285714,0.47555555555555556
1980,lotus,Lotus,14,0,1,15.03225806451613,0.11666666666666667,0.0,0.055555555555555525,1.0,0.06055555555555555
1980,mclaren,McLaren,14,0,0,13.571428571428571,0.09166666666666666,0.0,0.0,0.7857142857142857,0.03666666666666667
1980,osella,Osella,14,0,0,20.571428571428573,0.0,0.0,0.0,0.0,0.0
1980,renault,Renault,14,3,4,12.703703703703704,0.31666666666666665,0.4999999999999999,0.22222222222222218,2.7142857142857144,0.3572222222222222
1980,shadow,Shadow,7,0,0,24.928571428571427,0.0,0.0,0.0,0.0,0.0
1980,tyrrell,Tyrrell,14,0,0,14.1,0.1,0.0,0.0,0.8571428571428571,0.04000000000000001
1980,williams,Williams,14,6,18,9.894736842105264,1.0,1.0,1.0,8.571428571428571,1.0
1981,alfa-romeo,Alfa Romeo,15,0,1,12.066666666666666,0.10526315789473684,0.0,0.07692307692307684,0.6666666666666666,0.06133603238866395
1981,arrows,Arrows,15,0,2,17.666666666666668,0.10526315789473684,0.0,0.1538461538461538,0.6666666666666666,0.08056680161943319
1981,ats-wheels,ATS,15,0,0,19.4375,0.010526315789473684,0.0,0.0,0.0666666666666666,0.004210526315789474
1981,brabham,Brabham,15,3,7,10.4,0.6421052631578947,0.7500000000000002,0.5384615384615384,4.066666666666666,0.6539574898785425
1981,ensign,Ensign,15,0,0,15.3125,0.05263157894736842,0.0,0.0,0.3333333333333333,0.021052631578947368
1981,ferrari,Ferrari,15,2,3,13.433333333333334,0.35789473684210527,0.5,0.23076923076923078,2.2666666666666666,0.3758502024291498
1981,fittipaldi,Fittipaldi,14,0,0,20.928571428571427,0.0,0.0,0.0,0.0,0.0
1981,ligier,Ligier,15,2,7,14.129032258064516,0.4631578947368421,0.5,0.5384615384615384,2.933333333333333,0.4948785425101215
1981,lotus,Lotus,14,0,1,12.464285714285714,0.23157894736842105,0.0,0.08241758241758237,1.5714285714285714,0.11323597455176401
1981,march,March,15,0,0,21.857142857142858,0.0,0.0,0.0,0.0,0.0
1981,mclaren,McLaren,15,1,4,12.3,0.29473684210526313,0.24999999999999978,0.3076923076923076,1.8666666666666667,0.28231781376518206
1981,osella,Osella,15,0,0,22.24137931034483,0.0,0.0,0.0,0.0,0.0
1981,renault,Renault,15,3,7,12.6,0.5684210526315789,0.7500000000000002,0.5384615384615384,3.6,0.6244838056680162
1981,theodore,Theodore,15,0,0,14.133333333333333,0.010526315789473684,0.0,0.0,0.0666666666666666,0.004210526315789474
1981,toleman,Toleman,12,0,0,27.0,0.0,0.0,0.0,0.0,0.0
1981,tyrrell,Tyrrell,15,0,0,14.966666666666669,0.10526315789473684,0.0,0.0,0.6666666666666666,0.042105263157894736
1981,williams,Williams,15,4,13,7.433333333333334,1.0,1.0,1.0,6.333333333333333,1.0
1982,alfa-romeo,Alfa Romeo,16,0,1,14.53125,0.08974358974358974,0.0,0.09090909090909091,0.4375,0.05862470862470863
1982,arrows,Arrows,15,0,0,14.833333333333334,0.0641025641025641,0.0,0.0,0.3333333333333333,0.02564102564102564
1982,ats-wheels,ATS,16,0,0,18.34375,0.05128205128205128,0.0,0.0,0.25,0.020512820512820513
1982,brabham,Brabham,15,4,9,14.5,1.0,1.0,0.8727272727272727,5.2,0.9681818181818181
1982,ensign,Ensign,14,0,0,21.928571428571427,0.0,0.0,0.0,0.0,0.0
1982,ferrari,Ferrari,16,3,11,11.37037037037037,0.9487179487179487,0.7031250000000001,1.0,4.625,0.8755809294871795
1982,fittipaldi,Fittipaldi,15,0,0,19.666666666666668,0.01282051282051282,0.0,0.0,0.0666666666666666,0.005128205128205128
1982,ligier,Ligier,15,0,4,14.933333333333334,0.2564102564102564,0.0,0.38787878787878777,1.3333333333333333,0.19953379953379952
1982,lotus,Lotus,15,1,2,12.533333333333331,0.38461538461538464,0.24999999999999978,0.19393939393939388,2.0,0.28983100233100223
1982,march,March,15,0,0,20.057142857142857,0.0,0.0,0.0,0.0,0.0
1982,mclaren,McLaren,15,4,8,9.9,0.8846153846153846,1.0,0.7757575757575758,4.6,0.8977855477855479
1982,osella,Osella,16,0,0,21.95833333333333,0.038461538461538464,0.0,0.0,0.1875,0.015384615384615385
1982,renault,Renault,16,4,8,11.78125,0.7948717948717948,0.9375000000000002,0.7272727272727273,3.875,0.8278918997668998
1982,theodore,Theodore,15,0,0,23.066666666666663,0.0,0.0,0.0,0.0,0.0
1982,toleman,Toleman,14,0,0,22.285714285714285,0.0,0.0,0.0,0.0,0.0
1982,tyrrell,Tyrrell,16,1,2,10.5,0.32051282051282054,0.23437500000000006,0.18181818181818182,1.5625,0.2556909236596737
1982,williams,Williams,15,1,7,8.833333333333334,0.7435897435897436,0.24999999999999978,0.6787878787878788,3.8666666666666663,0.5546328671328671
1983,alfa-romeo,Alfa Romeo,15,0,2,15.0,0.20224719101123595,0.0,0.16666666666666663,1.2,0.12256554307116105
1983,arrows,Arrows,15,0,0,11.9,0.0449438202247191,0.0,0.0,0.2666666666666666,0.017977528089887642
1983,ats-wheels,ATS,15,0,0,18.0,0.0,0.0,0.0,0.0,0.0
1983,brabham,Brabham,15,4,10,10.733333333333333,0.8089887640449438,1.0,0.8333333333333333,4.8,0.8819288389513109
1983,ferrari,Ferrari,15,4,12,8.666666666666666,1.0,1.0,1.0,5.933333333333334,1.0
1983,ligier,Ligier,15,0,0,15.766666666666667,0.0,0.0,0.0,0.0,0.0
1983,lotus,Lotus,15,0,2,16.068181818181817,0.25842696629213485,0.0,0.16666666666666663,1.5333333333333334,0.1450374531835206
1983,mclaren,McLaren,15,1,5,14.233333333333333,0.38202247191011235,0.24999999999999978,0.41666666666666663,2.2666666666666666,0.3444756554307115
1983,osella,Osella,15,0,0,22.23333333333333,0.0,0.0,0.0,0.0,0.0
1983,ram,RAM,14,0,0,25.466666666666665,0.0,0.0,0.0,0.0,0.0
1983,renault,Renault,15,4,11,9.3,0.8876404494382022,1.0,0.9166666666666665,5.266666666666667,0.9342228464419475
1983,spirit,Spirit,6,0,0,16.666666666666668,0.0,0.0,0.0,0.0,0.0
1983,theodore,Theodore,14,0,0,17.85185185185185,0.011235955056179775,0.0,0.0,0.0714285714285714,0.0044943820224719105
1983,toleman,Toleman,15,0,0,14.8,0.11235955056179775,0.0,0.0,0.6666666666666666,0.0449438202247191
1983,tyrrell,Tyrrell,15,1,1,15.233333333333333,0.1348314606741573,0.24999999999999978,0.08333333333333325,0.8,0.16226591760299613
1983,williams,Williams,15,1,3,11.636363636363637,0.449438202247191,0.24999999999999978,0.25,2.6666666666666665,0.3297752808988763
1984,alfa-romeo,Alfa Romeo,16,0,1,14.40625,0.07665505226480836,0.0,0.05555555555555555,0.6875,0.04455090979481223
1984,arrows,Arrows,16,0,0,14.714285714285714,0.0627177700348432,0.0,0.0,0.5625,0.025087108013937282
1984,ats-wheels,ATS,16,0,0,16.77777777777778,0.0,0.0,0.0,0.0,0.0
1984,brabham,Brabham,16,2,5,11.4375,0.26480836236933797,0.16666666666666666,0.2777777777777778,2.375,0.23370112272551297
1984,ferrari,Ferrari,16,1,8,9.9375,0.40069686411149824,0.08333333333333333,0.4444444444444444,3.59375,0.3005565234223771
1984,ligier,Ligier,16,0,0,14.84375,0.020905923344947737,0.0,0.0,0.1875,0.008362369337979096
1984,lotus,Lotus,16,0,6,10.1875,0.32752613240418116,0.0,0.3333333333333333,2.9375,0.21434378629500578
1984,mclaren,McLaren,16,12,18,6.34375,1.0,1.0,1.0,8.96875,1.0
1984,osella,Osella,16,0,0,16.708333333333332,0.013937282229965157,0.0,0.0,0.125,0.005574912891986063
1984,ram,RAM,16,0,0,17.5,0.0,0.0,0.0,0.0,0.0
1984,renault,Renault,16,0,5,11.727272727272728,0.23693379790940766,0.0,0.2777777777777778,2.125,0.1642179636082075
1984,spirit,Spirit,16,0,0,14.5625,0.0,0.0,0.0,0.0,0.0
1984,toleman,Toleman,16,0,3,15.586206896551724,0.11149825783972125,0.0,0.16666666666666666,1.0,0.08626596980255516
1984,tyrrell,Tyrrell,13,0,0,26.653846153846157,0.0,0.0,0.0,0.0,0.0
1984,williams,Williams,16,1,2,14.46875,0.17770034843205576,0.08333333333333333,0.1111111111111111,1.59375,0.12802458381726672
1985,alfa-romeo,Alfa Romeo,16,0,0,16.84375,0.0,0.0,0.0,0.0,0.0
1985,arrows,Arrows,16,0,1,11.0625,0.15555555555555556,0.0,0.08333333333333333,0.875,0.08305555555555556
1985,brabham,Brabham,16,1,2,13.5625,0.28888888888888886,0.16666666666666666,0.16666666666666666,1.625,0.21555555555555556
1985,ferrari,Ferrari,16,2,10,9.125,0.9111111111111111,0.3333333333333333,0.8333333333333334,5.125,0.6894444444444445
1985,ligier,Ligier,15,0,4,12.933333333333334,0.25555555555555554,0.0,0.35555555555555546,1.5333333333333334,0.19111111111111106
1985,lola,Lola,4,0,0,21.5,0.0,0.0,0.0,0.0,0.0
1985,lotus,Lotus,16,3,9,8.5625,0.7888888888888889,0.5,0.75,4.4375,0.6780555555555556
1985,mclaren,McLaren,16,6,12,9.4375,1.0,1.0,1.0,5.625,1.0
1985,minardi,Minardi,16,0,0,17.75,0.0,0.0,0.0,0.0,0.0
1985,osella,Osella,16,0,0,16.1875,0.0,0.0,0.0,0.0,0.0
1985,ram,RAM,14,0,0,19.192307692307693,0.0,0.0,0.0,0.0,0.0
1985,renault,Renault,15,0,2,13.32258064516129,0.17777777777777778,0.0,0.17777777777777773,1.0666666666666669,0.11555555555555555
1985,spirit,Spirit,3,0,0,20.666666666666668,0.0,0.0,0.0,0.0,0.0
1985,toleman,Toleman,13,0,0,19.0,0.0,0.0,0.0,0.0,0.0
1985,tyrrell,Tyrrell,16,0,0,11.5625,0.1111111111111111,0.0,0.0,0.625,0.044444444444444446
1985,williams,Williams,16,4,8,10.78125,0.7888888888888889,0.6666666666666666,0.6666666666666666,4.4375,0.7155555555555555
1985,zakspeed,Zakspeed,10,0,0,21.0,0.0,0.0,0.0,0.0,0.0
1986,ags,AGS,2,0,0,21.0,0.0,0.0,0.0,0.0,0.0
1986,arrows,Arrows,16,0,0,12.451612903225806,0.0070921985815602835,0.0,0.0,0.0625,0.0028368794326241137
1986,benetton,Benetton,16,1,2,13.5,0.1347517730496454,0.1111111111111111,0.10526315789473684,1.1875,0.11910538758243125
1986,brabham,Brabham,16,0,0,15.225806451612904,0.014184397163120567,0.0,0.0,0.125,0.005673758865248227
1986,ferrari,Ferrari,16,0,5,11.53125,0.2624113475177305,0.0,0.2631578947368421,2.3125,0.17075401269130272
1986,ligier,Ligier,16,0,2,10.4375,0.20567375886524822,0.0,0.10526315789473684,1.8125,0.10858529301978351
1986,lola,Lola,16,0,0,16.125,0.0425531914893617,0.0,0.0,0.375,0.01702127659574468
1986,lotus,Lotus,16,2,8,11.78125,0.41134751773049644,0.2222222222222222,0.42105263157894735,3.625,0.3475799427647132
1986,mclaren,McLaren,16,4,12,9.0,0.6808510638297872,0.4444444444444444,0.631578947368421,6.0,0.5857907179295756
1986,minardi,Minardi,16,0,0,19.34375,0.0,0.0,0.0,0.0,0.0
1986,osella,Osella,16,0,0,19.78125,0.0,0.0,0.0,0.0,0.0
1986,tyrrell,Tyrrell,16,0,0,12.46875,0.07801418439716312,0.0,0.0,0.6875,0.03120567375886525
1986,williams,Williams,16,9,19,5.90625,1.0,1.0,1.0,8.8125,1.0
1986,zakspeed,Zakspeed,16,0,0,17.0,0.0,0.0,0.0,0.0,0.0
1987,ags,AGS,16,0,0,16.125,0.0072992700729927005,0.0,0.0,0.0625,0.0029197080291970805
1987,arrows,Arrows,16,0,0,13.6875,0.08029197080291971,0.0,0.0,0.6875,0.032116788321167884
1987,benetton,Benetton,16,0,2,11.875,0.20437956204379562,0.0,0.1111111111111111,1.75,0.10952960259529602
1987,brabham,Brabham,16,0,2,17.15625,0.072992700729927,0.0,0.1111111111111111,0.625,0.05697485806974858
1987,coloni,Coloni,2,0,0,26.5,0.0,0.0,0.0,0.0,0.0
1987,ferrari,Ferrari,16,2,6,12.625,0.38686131386861317,0.2222222222222222,0.3333333333333333,3.3125,0.31585563665855637
1987,ligier,Ligier,15,0,0,15.866666666666667,0.0072992700729927005,0.0,0.0,0.0666666666666666,0.0029197080291970805
1987,lola,Lola,15,0,0,13.5,0.021897810218978103,0.0,0.0,0.2,0.008759124087591242
1987,lotus,Lotus,16,2,8,10.09375,0.46715328467153283,0.2222222222222222,0.4444444444444444,4.0,0.37575020275750204
1987,march,March,16,0,0,15.75,0.0072992700729927005,0.0,0.0,0.0625,0.0029197080291970805
1987,mclaren,McLaren,16,3,12,8.59375,0.5547445255474452,0.3333333333333333,0.6666666666666666,4.75,0.5052311435523115
1987,minardi,Minardi,16,0,0,19.21875,0.0,0.0,0.0,0.0,0.0
1987,osella,Osella,16,0,0,19.95,0.0,0.0,0.0,0.0,0.0
1987,tyrrell,Tyrrell,16,0,0,11.40625,0.08029197080291971,0.0,0.0,0.6875,0.032116788321167884
1987,williams,Williams,16,9,18,7.28125,1.0,1.0,1.0,8.5625,1.0
1987,zakspeed,Zakspeed,16,0,0,16.34375,0.014598540145985401,0.0,0.0,0.125,0.005839416058394161
1988,ags,AGS,16,0,0,16.75,0.0,0.0,0.0,0.0,0.0
1988,arrows,Arrows,16,0,1,12.09375,0.11557788944723618,0.0,0.04,1.4375,0.056231155778894475
1988,benetton,Benetton,16,0,7,10.96875,0.19597989949748743,0.0,0.28,2.4375,0.148391959798995
1988,coloni,Coloni,16,0,0,22.5,0.0,0.0,0.0,0.0,0.0
1988,dallara,Dallara,16,0,0,18.125,0.0,0.0,0.0,0.0,0.0
1988,eurobrun,EuroBrun,16,0,0,22.46875,0.0,0.0,0.0,0.0,0.0
1988,ferrari,Ferrari,16,1,8,10.40625,0.32663316582914576,0.06666666666666667,0.32,4.0625,0.23398659966499163
1988,ligier,Ligier,16,0,0,20.40625,0.0,0.0,0.0,0.0,0.0
1988,lola,Lola,16,0,0,15.53125,0.0,0.0,0.0,0.0,0.0
1988,lotus,Lotus,16,0,3,13.625,0.11557788944723618,0.0,0.12,1.4375,0.07623115577889447
1988,march,March,16,0,2,13.34375,0.11055276381909548,0.0,0.08,1.375,0.0642211055276382
1988,mclaren,McLaren,16,15,25,4.0,1.0,1.0,1.0,12.4375,1.0
1988,minardi,Minardi,16,0,0,18.25,0.005025125628140704,0.0,0.0,0.0625,0.0020100502512562816
1988,osella,Osella,16,0,0,23.25,0.0,0.0,0.0,0.0,0.0
1988,rial,Rial,16,0,0,16.25,0.01507537688442211,0.0,0.0,0.1875,0.006030150753768844
1988,tyrrell,Tyrrell,16,0,0,20.25,0.02512562814070352,0.0,0.0,0.3125,0.010050251256281409
1988,williams,Williams,16,0,2,14.34375,0.10050251256281408,0.0,0.08,1.25,0.06020100502512564
1988,zakspeed,Zakspeed,16,0,0,23.875,0.0,0.0,0.0,0.0,0.0
1989,ags,AGS,16,0,0,30.83870967741936,0.0070921985815602835,0.0,0.0,0.0625,0.0028368794326241137
1989,arrows,Arrows,16,0,1,12.90625,0.09219858156028368,0.0,0.05555555555555555,0.8125,0.05076832151300236
1989,benetton,Benetton,16,1,4,12.4375,0.2765957446808511,0.1,0.2222222222222222,2.4375,0.20119385342789597
1989,brabham,Brabham,16,0,1,15.75,0.05673758865248227,0.0,0.05555555555555555,0.5,0.036583924349881794
1989,coloni,Coloni,16,0,0,32.53125,0.0,0.0,0.0,0.0,0.0
1989,dallara,Dallara,16,0,1,15.09375,0.05673758865248227,0.0,0.05555555555555555,0.5,0.036583924349881794
1989,eurobrun,EuroBrun,16,0,0,34.5625,0.0,0.0,0.0,0.0,0.0
1989,ferrari,Ferrari,16,3,9,13.8,0.41843971631205673,0.3,0.5,3.6875,0.3973758865248227
1989,ligier,Ligier,16,0,0,19.65625,0.02127659574468085,0.0,0.0,0.1875,0.00851063829787234
1989,lola,Lola,16,0,0,21.375,0.0070921985815602835,0.0,0.0,0.0625,0.0028368794326241137
1989,lotus,Lotus,16,0,0,14.4375,0.10638297872340426,0.0,0.0,0.9375,0.04255319148936171
1989,march,March,16,0,1,16.9375,0.028368794326241134,0.0,0.05555555555555555,0.25,0.025236406619385345
1989,mclaren,McLaren,16,10,18,7.71875,1.0,1.0,1.0,8.8125,1.0
1989,minardi,Minardi,16,0,0,17.0625,0.0425531914893617,0.0,0.0,0.375,0.01702127659574468
1989,onyx,Onyx,16,0,1,24.375,0.0425531914893617,0.0,0.05555555555555555,0.375,0.03091016548463357
1989,osella,Osella,16,0,0,28.59375,0.0,0.0,0.0,0.0,0.0
1989,rial,Rial,16,0,0,28.375,0.02127659574468085,0.0,0.0,0.1875,0.00851063829787234
1989,tyrrell,Tyrrell,16,0,1,14.34375,0.11347517730496454,0.0,0.05555555555555555,1.0,0.05927895981087471
1989,williams,Williams,16,2,11,9.71875,0.5460992907801419,0.2,0.6111111111111112,4.8125,0.44121749408983457
1989,zakspeed,Zakspeed,16,0,0,34.9375,0.0,0.0,0.0,0.0,0.0
1990,ags,AGS,16,0,0,26.5625,0.0,0.0,0.0,0.0,0.0
1990,arrows,Arrows,16,0,0,16.34375,0.01652892561983471,0.0,0.0,0.125,0.006611570247933885
1990,benetton,Benetton,16,2,8,8.3125,0.5867768595041323,0.3333333333333333,0.4444444444444444,4.4375,0.46248852157943066
1990,brabham,Brabham,16,0,0,20.03125,0.01652892561983471,0.0,0.0,0.125,0.006611570247933885
1990,coloni,Coloni,16,0,0,32.0,0.0,0.0,0.0,0.0,0.0
1990,dallara,Dallara,16,0,0,20.3125,0.0,0.0,0.0,0.0,0.0
1990,eurobrun,EuroBrun,14,0,0,31.035714285714285,0.0,0.0,0.0,0.0,0.0
1990,ferrari,Ferrari,16,6,14,8.5625,0.9090909090909091,1.0,0.7777777777777778,6.875,0.908080808080808
1990,leyton-house,Leyton House,16,0,1,17.9375,0.05785123966942149,0.0,0.05555555555555555,0.4375,0.037029384756657485
1990,life,Life,14,0,0,34.214285714285715,0.0,0.0,0.0,0.0,0.0
1990,ligier,Ligier,16,0,0,14.5,0.0,0.0,0.0,0.0,0.0
1990,lola,Lola,16,0,1,14.875,0.09090909090909091,0.0,0.05555555555555555,0.6875,0.05025252525252526
1990,lotus,Lotus,16,0,0,15.0,0.024793388429752067,0.0,0.0,0.1875,0.009917355371900827
1990,mclaren,McLaren,16,6,18,7.25,1.0,1.0,1.0,7.5625,1.0
1990,minardi,Minardi,16,0,0,18.9375,0.0,0.0,0.0,0.0,0.0
1990,onyx,Onyx,10,0,0,21.7,0.0,0.0,0.0,0.0,0.0
1990,osella,Osella,16,0,0,22.0,0.0,0.0,0.0,0.0,0.0
1990,tyrrell,Tyrrell,16,0,2,14.96875,0.1322314049586777,0.0,0.1111111111111111,1.0,0.08067033976124885
1990,williams,Williams,16,2,4,9.78125,0.47107438016528924,0.3333333333333333,0.2222222222222222,3.5625,0.36065197428833795
1991,ags,AGS,14,0,0,28.75,0.0,0.0,0.0,0.0,0.0
1991,benetton,Benetton,16,1,3,10.59375,0.27697841726618705,0.125,0.16666666666666666,2.40625,0.19620803357314148
1991,brabham,Brabham,16,0,0,16.65625,0.02158273381294964,0.0,0.0,0.1875,0.008633093525179858
1991,coloni,Coloni,15,0,0,33.4,0.0,0.0,0.0,0.0,0.0
1991,dallara,Dallara,16,0,1,16.5625,0.03597122302158273,0.0,0.05555555555555555,0.3125,0.028277378097521982
1991,ferrari,Ferrari,16,0,8,11.75,0.39928057553956836,0.0,0.4444444444444444,3.46875,0.27082334132693847
1991,fondmetal,Fondmetal,16,0,0,25.125,0.0,0.0,0.0,0.0,0.0
1991,footwork,Footwork,16,0,0,24.90625,0.0,0.0,0.0,0.0,0.0
1991,jordan,Jordan,16,0,0,13.1875,0.09352517985611511,0.0,0.0,0.8125,0.03741007194244605
1991,leyton-house,Leyton House,16,0,0,16.9375,0.007194244604316547,0.0,0.0,0.0625,0.002877697841726619
1991,ligier,Ligier,16,0,0,15.375,0.0,0.0,0.0,0.0,0.0
1991,lola,Lola,16,0,0,21.34375,0.014388489208633094,0.0,0.0,0.125,0.005755395683453238
1991,lotus,Lotus,16,0,0,18.1875,0.02158273381294964,0.0,0.0,0.1875,0.008633093525179858
1991,mclaren,McLaren,16,8,18,7.4375,1.0,1.0,1.0,8.6875,1.0
1991,minardi,Minardi,16,0,0,14.6875,0.04316546762589928,0.0,0.0,0.375,0.017266187050359715
1991,modena,Modena,16,0,0,28.125,0.0,0.0,0.0,0.0,0.0
1991,tyrrell,Tyrrell,16,0,1,14.59375,0.08633093525179857,0.0,0.05555555555555555,0.75,0.04842126298960832
1991,williams,Williams,16,7,17,8.53125,0.8992805755395683,0.875,0.9444444444444444,7.8125,0.9020733413269384
1992,andrea-moda,Andrea Moda,10,0,0,30.33333333333333,0.0,0.0,0.0,0.0,0.0
1992,benetton,Benetton,16,1,13,8.0,0.5548780487804879,0.1,0.6190476190476191,5.6875,0.4117131242740999
1992,brabham,Brabham,11,0,0,26.904761904761905,0.0,0.0,0.0,0.0,0.0
1992,dallara,Dallara,16,0,0,13.4375,0.012195121951219513,0.0,0.0,0.125,0.004878048780487806
1992,ferrari,Ferrari,16,0,2,14.65625,0.12804878048780488,0.0,0.09523809523809523,1.3125,0.07502903600464576
1992,fondmetal,Fondmetal,13,0,0,21.76923076923077,0.0,0.0,0.0,0.0,0.0
1992,footwork,Footwork,16,0,0,12.6875,0.036585365853658534,0.0,0.0,0.375,0.014634146341463414
1992,jordan,Jordan,16,0,0,18.96875,0.006097560975609756,0.0,0.0,0.0625,0.002439024390243903
1992,ligier,Ligier,16,0,0,14.125,0.036585365853658534,0.0,0.0,0.375,0.014634146341463414
1992,lotus,Lotus,16,0,0,15.0,0.07926829268292683,0.0,0.0,0.8125,0.03170731707317073
1992,march,March,16,0,0,17.34375,0.018292682926829267,0.0,0.0,0.1875,0.007317073170731707
1992,mclaren,McLaren,16,5,12,10.40625,0.6036585365853658,0.5,0.5714285714285714,6.1875,0.5593205574912892
1992,minardi,Minardi,16,0,0,17.5625,0.006097560975609756,0.0,0.0,0.0625,0.002439024390243903
1992,tyrrell,Tyrrell,16,0,0,15.71875,0.04878048780487805,0.0,0.0,0.5,0.019512195121951223
1992,venturi,Venturi,16,0,0,17.90625,0.006097560975609756,0.0,0.0,0.0625,0.002439024390243903
1992,williams,Williams,16,10,21,6.46875,1.0,1.0,1.0,10.25,1.0
1993,benetton,Benetton,16,1,11,9.9375,0.42857142857142855,0.1,0.5,4.5,0.3314285714285714
1993,ferrari,Ferrari,16,0,3,13.0625,0.16666666666666666,0.0,0.13636363636363635,1.75,0.10075757575757575
1993,footwork,Footwork,16,0,0,14.9375,0.023809523809523808,0.0,0.0,0.25,0.009523809523809525
1993,jordan,Jordan,16,0,0,16.78125,0.017857142857142856,0.0,0.0,0.1875,0.007142857142857143
1993,larrousse,Larrousse,16,0,0,13.4375,0.017857142857142856,0.0,0.0,0.1875,0.007142857142857143
1993,ligier,Ligier,16,0,3,11.8125,0.13690476190476192,0.0,0.13636363636363635,1.4375,0.08885281385281385
1993,lola,Lola,14,0,0,18.0,0.0,0.0,0.0,0.0,0.0
1993,lotus,Lotus,16,0,0,14.1875,0.07142857142857142,0.0,0.0,0.75,0.02857142857142857
1993,mclaren,McLaren,16,5,9,11.53125,0.5,0.5,0.4090909090909091,5.25,0.4772727272727273
1993,minardi,Minardi,16,0,0,13.59375,0.041666666666666664,0.0,0.0,0.4375,0.016666666666666666
1993,sauber,Sauber,16,0,0,13.71875,0.07142857142857142,0.0,0.0,0.75,0.02857142857142857
1993,tyrrell,Tyrrell,16,0,0,18.09375,0.0,0.0,0.0,0.0,0.0
1993,williams,Williams,16,10,22,5.46875,1.0,1.0,1.0,10.5,1.0
1994,benetton,Benetton,16,8,12,11.09375,0.8728813559322034,1.0,0.9230769230769231,6.4375,0.9299217731421121
1994,ferrari,Ferrari,16,1,11,11.4375,0.6016949152542372,0.125,0.8461538461538461,4.4375,0.4959664276401564
1994,footwork,Footwork,16,0,0,14.625,0.07627118644067797,0.0,0.0,0.5625,0.03050847457627119
1994,jordan,Jordan,16,0,1,13.84375,0.23728813559322035,0.0,0.07692307692307693,1.75,0.11414602346805737
1994,larrousse,Larrousse,16,0,0,16.65625,0.01694915254237288,0.0,0.0,0.125,0.006779661016949153
1994,ligier,Ligier,16,0,2,11.09375,0.11016949152542373,0.0,0.15384615384615385,0.8125,0.08252933507170795
1994,lotus,Lotus,16,0,0,14.71875,0.0,0.0,0.0,0.0,0.0
1994,mclaren,McLaren,16,0,8,12.125,0.3559322033898305,0.0,0.6153846153846154,2.625,0.29621903520208603
1994,minardi,Minardi,16,0,0,14.5,0.0423728813559322,0.0,0.0,0.3125,0.01694915254237288
1994,pacific,Pacific,16,0,0,25.65625,0.0,0.0,0.0,0.0,0.0
1994,sauber,Sauber,16,0,0,15.96774193548387,0.1016949152542373,0.0,0.0,0.75,0.04067796610169492
1994,simtek,Simtek,16,0,0,16.866666666666667,0.0,0.0,0.0,0.0,0.0
1994,tyrrell,Tyrrell,16,0,1,14.5625,0.11016949152542373,0.0,0.07692307692307693,0.8125,0.06329856584093872
1994,williams,Williams,16,7,13,8.193548387096774,1.0,0.875,1.0,7.375,0.9562499999999999
1995,benetton,Benetton,17,11,15,6.676470588235294,1.0,1.0,0.8823529411764706,8.647058823529411,0.9705882352941176
1995,ferrari,Ferrari,17,1,11,9.617647058823527,0.4965986394557823,0.0909090909090909,0.6470588235294118,4.294117647058823,0.3922223434828477
1995,footwork,Footwork,17,0,1,15.911764705882351,0.034013605442176874,0.0,0.0588235294117647,0.2941176470588235,0.028311324529811922
1995,forti,Forti,17,0,0,16.441176470588236,0.0,0.0,0.0,0.0,0.0
1995,jordan,Jordan,17,0,2,12.176470588235292,0.14285714285714285,0.0,0.1176470588235294,1.2352941176470589,0.0865546218487395
1995,ligier,Ligier,17,0,2,11.588235294117649,0.16326530612244897,0.0,0.1176470588235294,1.411764705882353,0.09471788715486193
1995,mclaren,McLaren,17,0,2,12.794117647058824,0.20408163265306123,0.0,0.1176470588235294,1.7647058823529411,0.11104441776710684
1995,minardi,Minardi,17,0,0,13.970588235294118,0.006802721088435374,0.0,0.0,0.0588235294117647,0.00272108843537415
1995,pacific,Pacific,17,0,0,18.323529411764707,0.0,0.0,0.0,0.0,0.0
1995,sauber,Sauber,17,0,1,11.794117647058824,0.12244897959183673,0.0,0.0588235294117647,1.0588235294117647,0.06368547418967588
1995,simtek,Simtek,5,0,0,19.1,0.0,0.0,0.0,0.0,0.0
1995,tyrrell,Tyrrell,17,0,0,13.529411764705882,0.034013605442176874,0.0,0.0,0.2941176470588235,0.01360544217687075
1995,williams,Williams,17,5,17,9.058823529411764,0.8027210884353742,0.4545454545454545,1.0,6.941176470588236,0.7301793444650587
1996,benetton,Benetton,16,0,10,7.875,0.38857142857142857,0.0,0.47619047619047616,4.25,0.2744761904761905
1996,ferrari,Ferrari,16,3,9,9.75,0.4,0.25,0.42857142857142855,4.375,0.35464285714285715
1996,footwork,Footwork,16,0,0,14.28125,0.005714285714285714,0.0,0.0,0.0625,0.002285714285714286
1996,forti,Forti,10,0,0,17.95,0.0,0.0,0.0,0.0,0.0
1996,jordan,Jordan,16,0,0,10.25,0.12571428571428572,0.0,0.0,1.375,0.050285714285714295
1996,ligier,Ligier,16,1,1,11.6875,0.08571428571428572,0.08333333333333333,0.047619047619047616,0.9375,0.07535714285714284
1996,mclaren,McLaren,16,0,6,8.78125,0.28,0.0,0.2857142857142857,3.0625,0.18342857142857144
1996,minardi,Minardi,16,0,0,14.71875,0.0,0.0,0.0,0.0,0.0
1996,sauber,Sauber,16,0,1,11.875,0.06285714285714286,0.0,0.047619047619047616,0.6875,0.03704761904761905
1996,tyrrell,Tyrrell,16,0,0,13.1875,0.02857142857142857,0.0,0.0,0.3125,0.011428571428571429
1996,williams,Williams,16,12,21,4.8125,1.0,1.0,1.0,10.9375,1.0
1997,arrows,Arrows,17,0,1,14.029411764705882,0.07317073170731707,0.0,0.06666666666666667,0.5294117647058824,0.04593495934959349
1997,benetton,Benetton,17,1,8,7.5,0.5447154471544715,0.125,0.5333333333333333,3.941176470588236,0.39496951219512194
1997,ferrari,Ferrari,17,5,13,8.676470588235293,0.8292682926829268,0.625,0.8666666666666666,6.0,0.7671239837398374
1997,jordan,Jordan,17,0,3,10.970588235294118,0.2682926829268293,0.0,0.19999999999999998,1.9411764705882355,0.1573170731707317
1997,lola,Lola,1,0,0,23.5,0.0,0.0,0.0,0.0,0.0
1997,mclaren,McLaren,17,3,7,10.558823529411764,0.5121951219512195,0.375,0.4666666666666667,3.7058823529411766,0.45279471544715444
1997,minardi,Minardi,17,0,0,15.852941176470589,0.0,0.0,0.0,0.0,0.0
1997,prost,Prost,17,0,2,11.117647058823527,0.17073170731707318,0.0,0.13333333333333333,1.2352941176470589,0.1016260162601626
1997,sauber,Sauber,17,0,1,10.941176470588236,0.13008130081300814,0.0,0.06666666666666667,0.9411764705882352,0.06869918699186993
1997,stewart,Stewart,17,0,1,15.705882352941176,0.04878048780487805,0.0,0.06666666666666667,0.3529411764705882,0.036178861788617886
1997,tyrrell,Tyrrell,17,0,0,13.323529411764708,0.016260162601626018,0.0,0.0,0.1176470588235294,0.006504065040650407
1997,williams,Williams,17,8,15,7.823529411764706,1.0,1.0,1.0,7.235294117647059,1.0
1998,arrows,Arrows,16,0,0,16.0,0.038461538461538464,0.0,0.0,0.375,0.015384615384615385
1998,benetton,Benetton,16,0,2,9.125,0.21153846153846154,0.0,0.1,2.0625,0.10961538461538461
1998,ferrari,Ferrari,16,6,19,5.40625,0.8525641025641025,0.6666666666666666,0.95,8.3125,0.8118589743589744
1998,jordan,Jordan,16,1,3,11.21875,0.21794871794871795,0.1111111111111111,0.15,2.125,0.16356837606837607
1998,mclaren,McLaren,16,9,20,5.625,1.0,1.0,1.0,9.75,1.0
1998,minardi,Minardi,16,0,0,14.53125,0.0,0.0,0.0,0.0,0.0
1998,prost,Prost,16,0,0,14.03125,0.00641025641025641,0.0,0.0,0.0625,0.002564102564102564
1998,sauber,Sauber,16,0,1,11.34375,0.0641025641025641,0.0,0.05,0.625,0.038141025641025644
1998,stewart,Stewart,16,0,0,14.65625,0.03205128205128205,0.0,0.0,0.3125,0.01282051282051282
1998,tyrrell,Tyrrell,16,0,0,16.09375,0.0,0.0,0.0,0.0,0.0
1998,williams,Williams,16,0,3,8.46875,0.24358974358974358,0.0,0.15,2.375,0.13493589743589743
1999,arrows,Arrows,16,0,0,14.9375,0.0078125,0.0,0.0,0.0625,0.003125
1999,bar,BAR,16,0,0,14.59375,0.0,0.0,0.0,0.0,0.0
1999,benetton,Benetton,16,0,1,11.625,0.125,0.0,0.058823529411764705,1.0,0.06470588235294118
1999,ferrari,Ferrari,16,6,17,5.34375,1.0,0.8571428571428571,1.0,8.0,0.9500000000000001
1999,jordan,Jordan,16,2,6,9.875,0.4765625,0.2857142857142857,0.35294117647058826,3.8125,0.3788602941176471
1999,mclaren,McLaren,16,7,16,7.75,0.96875,1.0,0.9411764705882353,7.75,0.9727941176470587
1999,minardi,Minardi,16,0,0,13.84375,0.0078125,0.0,0.0,0.0625,0.003125
1999,prost,Prost,16,0,1,12.71875,0.0703125,0.0,0.058823529411764705,0.5625,0.04283088235294118
1999,sauber,Sauber,16,0,0,13.96875,0.0390625,0.0,0.0,0.3125,0.015625
1999,stewart,Stewart,16,1,4,11.125,0.28125,0.14285714285714285,0.23529411764705882,2.25,0.2213235294117647
1999,williams,Williams,16,0,3,10.71875,0.2734375,0.0,0.17647058823529413,2.1875,0.15349264705882354
2000,arrows,Arrows,17,0,0,15.176470588235292,0.041176470588235294,0.0,0.0,0.4117647058823529,0.01647058823529412
2000,bar,BAR,17,0,0,10.617647058823527,0.11764705882352941,0.0,0.0,1.1764705882352942,0.047058823529411764
2000,benetton,Benetton,17,0,3,11.617647058823527,0.11764705882352941,0.0,0.13636363636363635,1.1764705882352942,0.08114973262032085
2000,ferrari,Ferrari,17,10,21,5.764705882352941,1.0,1.0,0.9545454545454546,10.0,0.9886363636363636
2000,jaguar,Jaguar,17,0,0,12.5,0.023529411764705882,0.0,0.0,0.2352941176470588,0.009411764705882354
2000,jordan,Jordan,17,0,2,13.205882352941176,0.1,0.0,0.0909090909090909,1.0,0.06272727272727273
2000,mclaren,McLaren,17,7,22,5.176470588235294,0.9529411764705882,0.7,1.0,9.529411764705882,0.8761764705882353
2000,minardi,Minardi,17,0,0,13.852941176470589,0.0,0.0,0.0,0.0,0.0
2000,prost,Prost,17,0,0,15.970588235294118,0.0,0.0,0.0,0.0,0.0
2000,sauber,Sauber,17,0,0,12.205882352941176,0.03529411764705882,0.0,0.0,0.3529411764705882,0.01411764705882353
2000,williams,Williams,17,0,3,10.411764705882351,0.21176470588235294,0.0,0.13636363636363635,2.117647058823529,0.11879679144385027
2001,arrows,Arrows,17,0,0,13.970588235294118,0.00558659217877095,0.0,0.0,0.0588235294117647,0.00223463687150838
2001,bar,BAR,17,0,2,11.205882352941176,0.09497206703910614,0.0,0.08333333333333331,1.0,0.05882216014897579
2001,benetton,Benetton,17,0,1,12.617647058823527,0.055865921787709494,0.0,0.04166666666666666,0.5882352941176471,0.03276303538175046
2001,ferrari,Ferrari,17,9,24,4.911764705882353,1.0,1.0,1.0,10.529411764705882,1.0
2001,jaguar,Jaguar,17,0,1,13.882352941176473,0.05027932960893855,0.0,0.04166666666666666,0.5294117647058824,0.030528398510242086
2001,jordan,Jordan,17,0,0,11.852941176470589,0.10614525139664804,0.0,0.0,1.1176470588235294,0.04245810055865922
2001,mclaren,McLaren,17,4,13,8.235294117647058,0.5698324022346368,0.44444444444444436,0.5416666666666666,6.0,0.5189051831160769
2001,minardi,Minardi,17,0,0,15.5,0.0,0.0,0.0,0.0,0.0
2001,prost,Prost,17,0,0,12.529411764705882,0.0223463687150838,0.0,0.0,0.2352941176470588,0.00893854748603352
2001,sauber,Sauber,17,0,1,11.441176470588236,0.11731843575418995,0.0,0.04166666666666666,1.2352941176470589,0.05734404096834265
2001,williams,Williams,17,4,9,10.352941176470589,0.44692737430167595,0.44444444444444436,0.375,4.705882352941177,0.4280765052762259
2002,arrows,Arrows,12,0,0,15.75,0.00904977375565611,0.0,0.0,0.1666666666666666,0.003619909502262444
2002,bar,BAR,17,0,0,12.617647058823527,0.03167420814479638,0.0,0.0,0.4117647058823529,0.012669683257918552
2002,ferrari,Ferrari,17,15,27,4.088235294117647,1.0,1.0,1.0,13.0,1.0
2002,jaguar,Jaguar,17,0,1,13.088235294117649,0.03619909502262444,0.0,0.037037037037037035,0.4705882352941176,0.023738897268309037
2002,jordan,Jordan,17,0,0,12.529411764705882,0.04072398190045249,0.0,0.0,0.5294117647058824,0.016289592760180997
2002,mclaren,McLaren,17,1,10,9.382352941176473,0.29411764705882354,0.06666666666666667,0.3703703703703704,3.823529411764706,0.23357298474945537
2002,minardi,Minardi,17,0,0,15.382352941176473,0.00904977375565611,0.0,0.0,0.1176470588235294,0.003619909502262444
2002,renault,Renault,17,0,0,10.794117647058824,0.10407239819004525,0.0,0.0,1.3529411764705883,0.041628959276018104
2002,sauber,Sauber,17,0,0,10.5,0.049773755656108594,0.0,0.0,0.6470588235294118,0.019909502262443438
2002,toyota,Toyota,17,0,0,13.735294117647058,0.00904977375565611,0.0,0.0,0.1176470588235294,0.003619909502262444
2002,williams,Williams,17,1,13,6.941176470588236,0.416289592760181,0.06666666666666667,0.48148148148148145,5.411764705882353,0.31021954080777614
2003,bar,BAR,16,0,0,11.84375,0.16455696202531644,0.0,0.0,1.625,0.06582278481012659
2003,ferrari,Ferrari,16,8,16,6.09375,1.0,1.0,1.0,9.875,1.0
2003,jaguar,Jaguar,16,0,0,12.4375,0.11392405063291139,0.0,0.0,1.125,0.04556962025316456
2003,jordan,Jordan,16,1,1,13.8125,0.08227848101265822,0.125,0.0625,0.8125,0.09228639240506328
2003,mclaren,McLaren,16,2,13,7.09375,0.8987341772151899,0.25,0.8125,8.875,0.650118670886076
2003,minardi,Minardi,16,0,0,14.0625,0.0,0.0,0.0,0.0,0.0
2003,renault,Renault,16,1,5,9.09375,0.5569620253164557,0.125,0.3125,5.5,0.34465981012658226
2003,sauber,Sauber,16,0,1,12.125,0.12025316455696203,0.0,0.0625,1.1875,0.06372626582278482
2003,toyota,Toyota,16,0,0,12.0,0.10126582278481013,0.0,0.0,1.0,0.04050632911392405
2003,williams,Williams,16,4,12,6.4375,0.9113924050632911,0.5,0.75,9.0,0.7270569620253164
2004,bar,BAR,18,0,11,7.805555555555555,0.4541984732824427,0.0,0.37931034482758624,6.611111111111111,0.2765069755198737
2004,ferrari,Ferrari,18,15,29,3.305555555555556,1.0,1.0,1.0,14.555555555555555,1.0
2004,jaguar,Jaguar,18,0,0,12.805555555555555,0.03816793893129771,0.0,0.0,0.5555555555555556,0.015267175572519085
2004,jordan,Jordan,18,0,0,14.666666666666666,0.019083969465648856,0.0,0.0,0.2777777777777778,0.0076335877862595426
2004,mclaren,McLaren,18,1,4,10.47222222222222,0.2633587786259542,0.0666666666666666,0.13793103448275862,3.8333333333333335,0.16315960340440464
2004,minardi,Minardi,18,0,0,16.055555555555557,0.003816793893129771,0.0,0.0,0.0555555555555555,0.0015267175572519084
2004,renault,Renault,18,1,6,7.805555555555555,0.40076335877862596,0.0666666666666666,0.2068965517241379,5.833333333333333,0.23536281477581816
2004,sauber,Sauber,18,0,0,9.694444444444445,0.1297709923664122,0.0,0.0,1.8888888888888888,0.051908396946564885
2004,toyota,Toyota,18,0,0,13.38888888888889,0.03435114503816794,0.0,0.0,0.5,0.013740458015267177
2004,williams,Williams,18,1,4,9.0,0.33587786259541985,0.0666666666666666,0.13793103448275862,4.888888888888889,0.1921672369921909
2005,bar,BAR,17,0,2,11.529411764705882,0.19895287958115182,0.0,0.12418300653594769,2.235294117647059,0.11062690346644766
2005,ferrari,Ferrari,19,1,9,8.5,0.5235602094240838,0.09999999999999996,0.4999999999999999,5.2631578947368425,0.3694240837696334
2005,jordan,Jordan,19,0,1,13.86842105263158,0.06282722513089005,0.0,0.055555555555555525,0.631578947368421,0.039019778941244906
2005,mclaren,McLaren,19,10,18,6.842105263157895,0.9528795811518325,1.0,1.0,9.578947368421051,0.981151832460733
2005,minardi,Minardi,19,0,0,15.289473684210526,0.03664921465968586,0.0,0.0,0.3684210526315789,0.014659685863874346
2005,red-bull,Red Bull,19,0,0,11.473684210526317,0.17801047120418848,0.0,0.0,1.7894736842105263,0.0712041884816754
2005,renault,Renault,19,8,18,6.131578947368421,1.0,0.7999999999999999,1.0,10.052631578947368,0.93
2005,sauber,Sauber,19,0,0,11.263157894736842,0.10471204188481675,0.0,0.0,1.0526315789473684,0.041884816753926704
2005,toyota,Toyota,19,0,5,8.236842105263158,0.4607329842931937,0.0,0.27777777777777773,4.631578947368421,0.2537376381617219
2005,williams,Williams,19,0,4,11.026315789473683,0.34554973821989526,0.0,0.2222222222222221,3.473684210526316,0.19377545084351364
2006,bmw-sauber,BMW Sauber,18,0,2,10.86111111111111,0.17475728155339806,0.0,0.10526315789473684,2.0,0.09621870209504343
2006,ferrari,Ferrari,18,9,19,5.25,0.9757281553398058,1.0,1.0,11.166666666666666,0.9902912621359223
2006,honda,Honda,18,1,3,8.777777777777779,0.4174757281553398,0.111111111111111,0.1578947368421052,4.777777777777778,0.24535286436155107
2006,mclaren,McLaren,18,0,9,9.5,0.5339805825242718,0.0,0.47368421052631576,6.111111111111111,0.3320132856412877
2006,midland,Midland,18,0,0,16.055555555555557,0.0,0.0,0.0,0.0,0.0
2006,red-bull,Red Bull,18,0,1,13.27777777777778,0.07766990291262135,0.0,0.05263157894736836,0.8888888888888888,0.04422585590189063
2006,renault,Renault,18,8,19,4.916666666666667,1.0,0.8888888888888888,1.0,11.444444444444445,0.9611111111111111
2006,super-aguri,Super Aguri,18,0,0,17.25,0.0,0.0,0.0,0.0,0.0
2006,toro-rosso,Toro Rosso,18,0,0,13.63888888888889,0.0048543689320388345,0.0,0.0,0.0555555555555555,0.001941747572815534
2006,toyota,Toyota,18,0,1,11.944444444444445,0.16990291262135923,0.0,0.05263157894736836,1.9444444444444444,0.08111905978538579
2006,williams,Williams,18,0,0,15.02777777777778,0.05339805825242718,0.0,0.0,0.6111111111111112,0.021359223300970873
2007,bmw-sauber,BMW Sauber,17,0,2,7.735294117647059,0.463302752293578,0.0,0.08333333333333331,5.941176470588236,0.20615443425076452
2007,ferrari,Ferrari,17,9,22,4.970588235294118,0.9357798165137615,1.0,0.9166666666666666,12.0,0.9534785932721712
2007,honda,Honda,17,0,0,13.323529411764708,0.027522935779816515,0.0,0.0,0.3529411764705882,0.011009174311926606
2007,mclaren,McLaren,17,8,24,3.9705882352941178,1.0,0.8888888888888887,1.0,12.823529411764708,0.9611111111111111
2007,red-bull,Red Bull,17,0,1,13.441176470588236,0.11009174311926606,0.0,0.04166666666666666,1.411764705882353,0.05445336391437309
2007,renault,Renault,17,0,1,9.5,0.23394495412844038,0.0,0.04166666666666666,3.0,0.10399464831804281
2007,spyker,Spyker,17,0,0,17.38235294117647,0.0045871559633027525,0.0,0.0,0.0588235294117647,0.001834862385321101
2007,super-aguri,Super Aguri,17,0,0,15.0,0.01834862385321101,0.0,0.0,0.2352941176470588,0.007339449541284404
2007,toro-rosso,Toro Rosso,17,0,0,16.5,0.03669724770642202,0.0,0.0,0.4705882352941176,0.014678899082568808
2007,toyota,Toyota,17,0,0,13.0,0.05963302752293578,0.0,0.0,0.7647058823529411,0.023853211009174313
2007,williams,Williams,17,0,1,11.676470588235292,0.15137614678899083,0.0,0.04166666666666666,1.9411764705882355,0.07096712538226299
2008,bmw-sauber,BMW Sauber,18,1,11,6.055555555555555,0.7848837209302325,0.12499999999999988,0.5789473684210527,7.5,0.5024403304773561
2008,ferrari,Ferrari,18,8,19,6.527777777777778,1.0,1.0,1.0,9.555555555555555,1.0
2008,force-india,Force India,18,0,0,16.88888888888889,0.0,0.0,0.0,0.0,0.0
2008,honda,Honda,18,0,1,13.805555555555555,0.08139534883720931,0.0,0.05263157894736836,0.7777777777777778,0.04571603427172582
2008,mclaren,McLaren,18,6,13,6.555555555555555,0.877906976744186,0.75,0.6842105263157895,8.38888888888889,0.7847154222766217
2008,red-bull,Red Bull,18,0,1,11.666666666666666,0.1686046511627907,0.0,0.05263157894736836,1.6111111111111112,0.08059975520195838
2008,renault,Renault,18,2,4,10.25,0.46511627906976744,0.25,0.21052631578947367,4.444444444444445,0.32617809057527536
2008,super-aguri,Super Aguri,4,0,0,15.875,0.0,0.0,0.0,0.0,0.0
2008,toro-rosso,Toro Rosso,18,1,1,12.75,0.22674418604651161,0.12499999999999988,0.05263157894736836,2.1666666666666665,0.1476055691554467
2008,toyota,Toyota,18,0,2,9.97222222222222,0.32558139534883723,0.0,0.10526315789473684,3.111111111111111,0.15654834761321912
2008,williams,Williams,18,0,2,11.77777777777778,0.1511627906976744,0.0,0.10526315789473684,1.4444444444444444,0.08678090575275398
2009,bmw-sauber,BMW Sauber,17,0,2,11.088235294117649,0.20930232558139536,0.0,0.125,2.117647058823529,0.11497093023255815
2009,brawn,Brawn,17,8,15,4.911764705882353,1.0,1.0,0.9375000000000001,10.117647058823527,0.984375
2009,ferrari,Ferrari,17,1,6,9.764705882352942,0.4069767441860465,0.125,0.375,4.117647058823529,0.3002906976744186
2009,force-india,Force India,17,0,1,13.911764705882351,0.0755813953488372,0.0,0.0625,0.7647058823529411,0.04585755813953488
2009,mclaren,McLaren,17,2,5,10.441176470588236,0.4127906976744186,0.25,0.3125,4.176470588235294,0.33074127906976747
2009,red-bull,Red Bull,17,6,16,7.029411764705882,0.8924418604651163,0.75,1.0,9.029411764705882,0.8694767441860465
2009,renault,Renault,17,0,1,12.470588235294118,0.1511627906976744,0.0,0.0625,1.5294117647058822,0.07609011627906977
2009,toro-rosso,Toro Rosso,17,0,0,14.882352941176473,0.046511627906976744,0.0,0.0,0.4705882352941176,0.018604651162790697
2009,toyota,Toyota,17,0,5,9.529411764705882,0.34593023255813954,0.0,0.3125,3.5,0.21649709302325582
2009,williams,Williams,17,0,0,10.970588235294118,0.2005813953488372,0.0,0.0,2.0294117647058822,0.08023255813953489
2010,ferrari,Ferrari,19,5,15,6.631578947368421,0.7951807228915663,0.5555555555555556,0.75,20.84210526315789,0.700016733601071
2010,force-india,Force India,19,0,0,13.342105263157896,0.13654618473895583,0.0,0.0,3.5789473684210527,0.05461847389558233
2010,hrt,HRT,19,0,0,18.94736842105263,0.0,0.0,0.0,0.0,0.0
2010,lotus-racing,Lotus Racing,19,0,0,18.13157894736842,0.0,0.0,0.0,0.0,0.0
2010,mclaren,McLaren,19,5,16,6.394736842105263,0.9116465863453815,0.5555555555555556,0.8,23.894736842105264,0.7591030789825971
2010,mercedes,Mercedes,19,0,3,9.157894736842104,0.42971887550200805,0.0,0.14999999999999994,11.263157894736842,0.2093875502008032
2010,red-bull,Red Bull,19,9,20,6.026315789473684,1.0,1.0,1.0,26.210526315789476,1.0
2010,renault,Renault,19,0,3,10.973684210526317,0.3273092369477912,0.0,0.14999999999999994,8.578947368421053,0.16842369477911645
2010,sauber,Sauber,19,0,0,15.078947368421051,0.08835341365461848,0.0,0.0,2.3157894736842106,0.03534136546184739
2010,toro-rosso,Toro Rosso,19,0,0,13.710526315789474,0.02610441767068273,0.0,0.0,0.6842105263157895,0.010441767068273093
2010,virgin,Virgin,19,0,0,19.05263157894737,0.0,0.0,0.0,0.0,0.0
2010,williams,Williams,19,0,0,12.552631578947368,0.13855421686746988,0.0,0.0,3.631578947368421,0.055421686746987955
2011,ferrari,Ferrari,19,1,10,6.552631578947368,0.5769230769230769,0.0833333333333333,0.3703703703703704,19.73684210526316,0.35252849002849
2011,force-india,Force India,19,0,0,11.31578947368421,0.10615384615384615,0.0,0.0,3.631578947368421,0.04246153846153847
2011,hrt,HRT,18,0,0,20.0,0.0,0.0,0.0,0.0,0.0
2011,lotus-racing,Lotus Racing,19,0,0,17.789473684210527,0.0,0.0,0.0,0.0,0.0
2011,mclaren,McLaren,19,6,18,5.842105263157895,0.7646153846153846,0.5,0.6666666666666669,26.157894736842103,0.6475128205128206
2011,mercedes,Mercedes,19,0,0,10.421052631578949,0.25384615384615383,0.0,0.0,8.68421052631579,0.10153846153846154
2011,red-bull,Red Bull,19,12,27,3.473684210526316,1.0,1.0,1.0,34.21052631578947,1.0
2011,renault,Renault,19,0,2,12.657894736842104,0.1123076923076923,0.0,0.07407407407407406,3.842105263157895,0.06344159544159544
2011,sauber,Sauber,19,0,0,13.447368421052632,0.06769230769230769,0.0,0.0,2.3157894736842106,0.02707692307692308
2011,toro-rosso,Toro Rosso,19,0,0,13.81578947368421,0.06307692307692307,0.0,0.0,2.1578947368421053,0.02523076923076923
2011,virgin,Virgin,19,0,0,18.894736842105264,0.0,0.0,0.0,0.0,0.0
2011,williams,Williams,19,0,0,15.605263157894736,0.007692307692307693,0.0,0.0,0.2631578947368421,0.0030769230769230774
2012,caterham,Caterham,20,0,0,16.75,0.0,0.0,0.0,0.0,0.0
2012,ferrari,Ferrari,20,3,15,6.825,0.8695652173913043,0.4285714285714286,1.0,20.0,0.7478260869565218
2012,force-india,Force India,20,0,0,11.075,0.23695652173913043,0.0,0.0,5.45,0.09478260869565218
2012,hrt,HRT,20,0,0,20.5,0.0,0.0,0.0,0.0,0.0
2012,lotus-f1,Lotus,20,1,10,9.1,0.658695652173913,0.14285714285714288,0.6666666666666666,15.15,0.4801449275362319
2012,marussia,Marussia,20,0,0,18.05,0.0,0.0,0.0,0.0,0.0
2012,mclaren,McLaren,20,7,13,9.075,0.8217391304347826,1.0,0.8666666666666667,18.9,0.8953623188405797
2012,mercedes,Mercedes,20,1,3,12.575,0.30869565217391304,0.14285714285714288,0.19999999999999998,7.1,0.22347826086956524
2012,red-bull,Red Bull,20,7,14,6.475,1.0,1.0,0.9333333333333332,23.0,0.9833333333333333
2012,sauber,Sauber,20,0,4,12.55,0.27391304347826084,0.0,0.26666666666666666,6.3,0.17623188405797102
2012,toro-rosso,Toro Rosso,20,0,0,13.325,0.05652173913043478,0.0,0.0,1.3,0.022608695652173914
2012,williams,Williams,20,1,1,13.7,0.16521739130434782,0.14285714285714288,0.06666666666666667,3.8,0.13275362318840578
2013,caterham,Caterham,19,0,0,17.894736842105264,0.0,0.0,0.0,0.0,0.0
2013,ferrari,Ferrari,19,2,10,6.842105263157895,0.5939597315436241,0.15384615384615377,0.4166666666666667,18.63157894736842,0.3955967131302701
2013,force-india,Force India,19,0,0,12.921052631578949,0.12919463087248323,0.0,0.0,4.052631578947368,0.051677852348993296
2013,lotus-f1,Lotus,19,1,14,8.5,0.5285234899328859,0.07692307692307689,0.5833333333333334,16.57894736842105,0.38416580622956464
2013,marussia,Marussia,19,0,0,17.894736842105264,0.0,0.0,0.0,0.0,0.0
2013,mclaren,McLaren,19,0,0,9.63157894736842,0.20469798657718122,0.0,0.0,6.421052631578948,0.0818791946308725
2013,mercedes,Mercedes,19,3,9,6.684210526315789,0.6040268456375839,0.23076923076923067,0.37499999999999994,18.94736842105263,0.41612996902426425
2013,red-bull,Red Bull,19,13,24,4.815789473684211,1.0,1.0,1.0,31.36842105263158,1.0
2013,sauber,Sauber,19,0,0,12.68421052631579,0.09563758389261745,0.0,0.0,3.0,0.038255033557046986
2013,toro-rosso,Toro Rosso,19,0,0,14.105263157894736,0.05536912751677853,0.0,0.0,1.736842105263158,0.022147651006711414
2013,williams,Williams,19,0,0,14.526315789473683,0.008389261744966443,0.0,0.0,0.2631578947368421,0.0033557046979865775
2014,caterham,Caterham,17,0,0,17.794117647058822,0.0,0.0,0.0,0.0,0.0
2014,ferrari,Ferrari,19,0,2,8.473684210526315,0.30813124108416545,0.0,0.06451612903225803,11.36842105263158,0.1393815286917307
2014,force-india,Force India,19,0,1,9.973684210526317,0.2211126961483595,0.0,0.03225806451612902,8.157894736842104,0.09650959458837605
2014,lotus-f1,Lotus,19,0,0,15.157894736842104,0.014265335235378032,0.0,0.0,0.5263157894736842,0.005706134094151213
2014,marussia,Marussia,16,0,0,16.806451612903224,0.0028530670470756064,0.0,0.0,0.125,0.0011412268188302425
2014,mclaren,McLaren,19,0,2,8.947368421052632,0.2582025677603424,0.0,0.06451612903225803,9.526315789473683,0.11941005936220148
2014,mercedes,Mercedes,19,16,31,4.2105263157894735,1.0,1.0,1.0,36.89473684210526,1.0
2014,red-bull,Red Bull,19,3,12,6.7368421052631575,0.5777460770328102,0.18749999999999994,0.3870967741935484,21.31578947368421,0.39349762436151114
2014,sauber,Sauber,19,0,0,16.236842105263158,0.0,0.0,0.0,0.0,0.0
2014,toro-rosso,Toro Rosso,19,0,0,13.289473684210526,0.042796005706134094,0.0,0.0,1.5789473684210529,0.017118402282453638
2014,williams,Williams,19,0,9,7.815789473684211,0.456490727532097,0.0,0.29032258064516125,16.842105263157894,0.2551769361741291
2015,ferrari,Ferrari,19,3,16,6.026315789473684,0.6088193456614509,0.18749999999999994,0.5,22.526315789473685,0.43415273826458034
2015,force-india,Force India,19,0,1,10.526315789473683,0.1934566145092461,0.0,0.031249999999999986,7.157894736842105,0.08519514580369844
2015,lotus-f1,Lotus,19,0,1,12.526315789473683,0.11095305832147938,0.0,0.031249999999999986,4.105263157894737,0.05219372332859175
2015,marussia,Marussia,19,0,0,16.289473684210527,0.0,0.0,0.0,0.0,0.0
2015,mclaren,McLaren,19,0,0,14.473684210526317,0.03840682788051209,0.0,0.0,1.4210526315789471,0.015362731152204837
2015,mercedes,Mercedes,19,16,32,3.210526315789474,1.0,1.0,1.0,37.0,1.0
2015,red-bull,Red Bull,19,0,3,9.0,0.26600284495021337,0.0,0.09374999999999997,9.842105263157896,0.12983863798008535
2015,sauber,Sauber,19,0,0,12.552631578947368,0.051209103840682786,0.0,0.0,1.894736842105263,0.020483641536273117
2015,toro-rosso,Toro Rosso,19,0,0,11.894736842105264,0.0953058321479374,0.0,0.0,3.526315789473684,0.03812233285917496
2015,williams,Williams,19,0,4,8.5,0.3655761024182077,0.0,0.12499999999999994,13.526315789473683,0.17748044096728305
2016,ferrari,Ferrari,21,0,11,7.404761904761905,0.5202614379084968,0.0,0.33333333333333337,18.952380952380956,0.29143790849673207
2016,force-india,Force India,21,0,2,9.952380952380953,0.2261437908496732,0.0,0.06060606060606059,8.238095238095237,0.10560903149138444
2016,haas,Haas,21,0,0,14.452380952380953,0.03790849673202614,0.0,0.0,1.380952380952381,0.015163398692810456
2016,manor,Manor,21,0,0,17.61904761904762,0.00130718954248366,0.0,0.0,0.0476190476190476,0.000522875816993464
2016,mclaren,McLaren,21,0,0,12.714285714285714,0.09934640522875816,0.0,0.0,3.619047619047619,0.03973856209150327
2016,mercedes,Mercedes,21,19,33,3.4761904761904763,1.0,1.0,1.0,36.42857142857143,1.0
2016,red-bull,Red Bull,21,2,16,5.738095238095238,0.611764705882353,0.10526315789473681,0.4848484848484848,22.285714285714285,0.40276010882822033
2016,renault,Renault,21,0,0,15.547619047619047,0.01045751633986928,0.0,0.0,0.3809523809523809,0.004183006535947712
2016,sauber,Sauber,21,0,0,15.904761904761903,0.00261437908496732,0.0,0.0,0.0952380952380952,0.001045751633986928
2016,toro-rosso,Toro Rosso,21,0,0,13.166666666666666,0.08235294117647059,0.0,0.0,3.0,0.03294117647058824
2016,williams,Williams,21,0,1,10.523809523809524,0.1803921568627451,0.0,0.030303030303030293,6.571428571428571,0.07973262032085561
2017,ferrari,Ferrari,20,5,20,5.475,0.781437125748503,0.4166666666666667,0.7692307692307692,26.1,0.6507158759404269
2017,force-india,Force India,20,0,0,8.35,0.27994011976047906,0.0,0.0,9.35,0.11197604790419163
2017,haas,Haas,20,0,0,12.55,0.07035928143712575,0.0,0.0,2.35,0.0281437125748503
2017,mclaren,McLaren,20,0,0,13.85,0.04491017964071856,0.0,0.0,1.5,0.017964071856287425
2017,mercedes,Mercedes,20,12,26,3.175,1.0,1.0,1.0,33.4,1.0
2017,red-bull,Red Bull,20,3,13,8.65,0.5508982035928144,0.25,0.5,18.4,0.43285928143712576
2017,renault,Renault,20,0,0,13.25,0.08532934131736528,0.0,0.0,2.85,0.034131736526946115
2017,sauber,Sauber,20,0,0,15.1,0.0074850299401197605,0.0,0.0,0.25,0.0029940119760479044
2017,toro-rosso,Toro Rosso,20,0,0,13.1,0.07934131736526946,0.0,0.0,2.65,0.03173652694610778
2017,williams,Williams,20,0,1,11.5,0.12425149700598802,0.0,0.038461538461538464,4.15,0.05931598341777983
2018,ferrari,Ferrari,21,6,24,4.928571428571429,0.8717557251908397,0.5454545454545454,0.96,27.19047619047619,0.7796113809854268
2018,force-india,Force India,21,0,1,11.166666666666666,0.16946564885496182,0.0,0.03999999999999999,5.285714285714286,0.07778625954198473
2018,haas,Haas,21,0,0,11.976190476190476,0.14198473282442747,0.0,0.0,4.428571428571429,0.05679389312977099
2018,mclaren,McLaren,21,0,0,12.785714285714286,0.09465648854961832,0.0,0.0,2.952380952380953,0.03786259541984733
2018,mercedes,Mercedes,21,11,25,3.857142857142857,1.0,1.0,1.0,31.19047619047619,1.0
2018,red-bull,Red Bull,21,4,13,7.642857142857143,0.6396946564885496,0.3636363636363635,0.52,19.952380952380956,0.513150589868147
2018,renault,Renault,21,0,0,11.071428571428571,0.18625954198473282,0.0,0.0,5.809523809523809,0.07450381679389313
2018,sauber,Sauber,21,0,0,12.785714285714286,0.0732824427480916,0.0,0.0,2.2857142857142856,0.029312977099236644
2018,toro-rosso,Toro Rosso,21,0,0,13.88095238095238,0.050381679389312976,0.0,0.0,1.5714285714285714,0.02015267175572519
2018,williams,Williams,21,0,0,14.904761904761903,0.010687022900763359,0.0,0.0,0.3333333333333333,0.004274809160305344
2019,alfa-romeo,Alfa Romeo,21,0,0,12.738095238095235,0.07713125845737483,0.0,0.0,2.7142857142857144,0.030852503382949932
2019,ferrari,Ferrari,21,3,19,6.0,0.6820027063599459,0.1999999999999999,0.5937500000000001,24.0,0.49123858254397834
2019,haas,Haas,21,0,0,14.404761904761903,0.037889039242219216,0.0,0.0,1.3333333333333333,0.015155615696887687
2019,mclaren,McLaren,21,0,1,10.69047619047619,0.19621109607577808,0.0,0.031249999999999997,6.904761904761905,0.08629693843031123
2019,mercedes,Mercedes,21,15,32,3.238095238095238,1.0,1.0,1.0,35.19047619047619,1.0
2019,racing-point,Racing Point,21,0,0,11.785714285714286,0.09878213802435724,0.0,0.0,3.4761904761904763,0.0395128552097429
2019,red-bull,Red Bull,21,3,9,6.261904761904762,0.564276048714479,0.1999999999999999,0.28125,19.857142857142858,0.3660229194857916
2019,renault,Renault,21,0,0,11.976190476190476,0.12313937753721245,0.0,0.0,4.333333333333333,0.04925575101488498
2019,toro-rosso,Toro Rosso,21,0,2,11.5,0.11502029769959404,0.0,0.06249999999999999,4.047619047619048,0.06163311907983762
2019,williams,Williams,21,0,0,16.404761904761905,0.0013531799729364006,0.0,0.0,0.0476190476190476,0.0005412719891745603
2020,alfa-romeo,Alfa Romeo,17,0,0,13.852941176470589,0.013961605584642234,0.0,0.0,0.4705882352941176,0.005584642233856894
2020,alphatauri,AlphaTauri,17,1,1,10.705882352941176,0.18673647469458987,0.07692307692307691,0.039999999999999994,6.294117647058823,0.11161766680091287
2020,ferrari,Ferrari,17,0,3,10.705882352941176,0.2286212914485166,0.0,0.11999999999999998,7.705882352941177,0.12144851657940664
2020,haas,Haas,17,0,0,15.794117647058824,0.005235602094240838,0.0,0.0,0.1764705882352941,0.0020942408376963353
2020,mclaren,McLaren,17,0,2,8.617647058823529,0.3525305410122164,0.0,0.07999999999999999,11.882352941176473,0.16101221640488655
2020,mercedes,Mercedes,17,13,25,3.735294117647059,1.0,1.0,1.0,33.705882352941174,1.0
2020,racing-point,Racing Point,17,1,4,9.205882352941176,0.36649214659685864,0.07692307692307691,0.15999999999999998,12.352941176470589,0.2135199355618204
2020,red-bull,Red Bull,17,2,13,7.705882352941177,0.5567190226876091,0.15384615384615383,0.5199999999999999,18.764705882352946,0.4065337629211975
2020,renault,Renault,17,0,3,8.941176470588236,0.3158813263525305,0.0,0.11999999999999998,10.647058823529411,0.15635253054101222
2020,williams,Williams,17,0,0,15.735294117647058,0.0,0.0,0.0,0.0,0.0
2021,alfa-romeo,Alfa Romeo,22,0,0,13.204545454545457,0.021505376344086023,0.0,0.0,0.5909090909090909,0.00860215053763441
2021,alphatauri,AlphaTauri,22,0,1,11.272727272727272,0.23490488006617039,0.0,0.03571428571428567,6.454545454545454,0.10289052345503957
2021,alpine,Alpine,22,1,2,10.25,0.2564102564102564,0.0909090909090908,0.07142857142857142,7.045454545454546,0.15223942723942718
2021,aston-martin,Aston Martin,22,0,1,12.0,0.1273779983457403,0.0,0.03571428571428567,3.5,0.059879770766867534
2021,ferrari,Ferrari,22,0,5,7.113636363636363,0.533498759305211,0.0,0.17857142857142852,14.659090909090908,0.25804236086494153
2021,haas,Haas,22,0,0,17.386363636363637,0.0,0.0,0.0,0.0,0.0
2021,mclaren,McLaren,22,1,5,7.795454545454546,0.4532671629445823,0.0909090909090908,0.17857142857142852,12.454545454545457,0.25776790413887185
2021,mercedes,Mercedes,22,9,28,5.409090909090909,1.0,0.8181818181818182,1.0,27.477272727272727,0.9363636363636364
2021,red-bull,Red Bull,22,11,23,5.840909090909091,0.956989247311828,1.0,0.8214285714285714,26.295454545454547,0.9381528417818741
2021,williams,Williams,22,0,1,14.727272727272728,0.0380479735318445,0.0,0.03571428571428567,1.0454545454545454,0.024147760841309217
2022,alfa-romeo,Alfa Romeo,22,0,0,13.204545454545457,0.07320441988950276,0.0,0.0,2.409090909090909,0.029281767955801105
2022,alphatauri,AlphaTauri,22,0,0,13.522727272727272,0.04834254143646409,0.0,0.0,1.5909090909090908,0.019337016574585638
2022,alpine,Alpine,22,0,0,9.863636363636363,0.23480662983425415,0.0,0.0,7.727272727272727,0.09392265193370167
2022,aston-martin,Aston Martin,22,0,0,11.886363636363637,0.07596685082872928,0.0,0.0,2.5,0.030386740331491715
2022,ferrari,Ferrari,22,4,20,6.681818181818182,0.7168508287292817,0.2352941176470588,0.7142857142857144,23.59090909090909,0.5476647012396119
2022,haas,Haas,22,0,0,14.272727272727272,0.04558011049723757,0.0,0.0,1.5,0.018232044198895028
2022,mclaren,McLaren,22,0,1,10.636363636363637,0.20718232044198895,0.0,0.03571428571428567,6.818181818181818,0.09180149960536702
2022,mercedes,Mercedes,22,1,17,5.5227272727272725,0.6837016574585635,0.058823529411764636,0.6071428571428571,22.5,0.4458546125632573
2022,red-bull,Red Bull,22,17,28,4.454545454545454,1.0,1.0,1.0,32.90909090909091,1.0
2022,williams,Williams,22,0,0,14.954545454545457,0.011049723756906077,0.0,0.0,0.3636363636363636,0.004419889502762431
2023,alfa-romeo,Alfa Romeo,22,0,0,14.0,0.020253164556962026,0.0,0.0,0.7272727272727273,0.00810126582278481
2023,alphatauri,AlphaTauri,22,0,0,13.613636363636363,0.027848101265822784,0.0,0.0,1.0,0.011139240506329114
2023,alpine,Alpine,22,0,2,11.272727272727272,0.13924050632911392,0.0,0.06666666666666667,5.0,0.07236286919831224
2023,aston-martin,Aston Martin,22,0,8,8.909090909090908,0.3367088607594937,0.0,0.26666666666666666,12.090909090909092,0.20135021097046413
2023,ferrari,Ferrari,22,1,9,7.863636363636363,0.45949367088607596,0.04761904761904756,0.30000000000000004,16.5,0.27546413502109707
2023,haas,Haas,22,0,0,15.068181818181818,0.01139240506329114,0.0,0.0,0.4090909090909091,0.004556962025316456
2023,mclaren,McLaren,22,0,9,9.454545454545457,0.3367088607594937,0.0,0.30000000000000004,12.090909090909092,0.2096835443037975
2023,mercedes,Mercedes,22,0,8,7.136363636363637,0.47341772151898737,0.0,0.26666666666666666,17.0,0.25603375527426164
2023,red-bull,Red Bull,22,21,30,3.5681818181818183,1.0,1.0,1.0,35.90909090909091,1.0
2023,williams,Williams,22,0,0,14.113636363636363,0.03291139240506329,0.0,0.0,1.181818181818182,0.013164556962025318
2024,alpine,Alpine,24,0,2,13.3125,0.10344827586206896,0.0,0.09090909090909088,2.625,0.0641065830721003
2024,aston-martin,Aston Martin,24,0,0,11.770833333333334,0.15435139573070608,0.0,0.0,3.9166666666666665,0.061740558292282435
2024,ferrari,Ferrari,24,5,22,5.145833333333333,0.9770114942528736,0.5555555555555555,1.0,24.791666666666668,0.8352490421455938
2024,haas,Haas,24,0,0,12.395833333333334,0.08374384236453201,0.0,0.0,2.125,0.033497536945812804
2024,kick-sauber,Kick Sauber,24,0,0,15.666666666666666,0.006568144499178982,0.0,0.0,0.1666666666666666,0.002627257799671593
2024,mclaren,McLaren,24,6,21,4.708333333333333,1.0,0.6666666666666666,0.9545454545454546,25.375,0.871969696969697
2024,mercedes,Mercedes,24,4,9,6.854166666666667,0.7110016420361248,0.44444444444444425,0.4090909090909091,18.041666666666668,0.5422289396427327
2024,rb,RB,24,0,0,13.291666666666666,0.06568144499178982,0.0,0.0,1.6666666666666667,0.02627257799671593
2024,red-bull,Red Bull,24,9,18,6.625,0.8817733990147784,1.0,0.8181818181818182,22.375,0.9072548141513659
2024,williams,Williams,24,0,0,15.127659574468083,0.027914614121510674,0.0,0.0,0.7083333333333334,0.01116584564860427
2025,alpine,Alpine,20,0,0,15.375,0.028064992614475627,0.0,0.0,0.95,0.011225997045790252
2025,aston-martin,Aston Martin,20,0,0,13.025,0.09601181683899557,0.0,0.0,3.25,0.03840472673559823
2025,ferrari,Ferrari,20,0,7,7.125,0.47858197932053176,0.0,0.2333333333333333,16.2,0.24976612506154602
2025,haas,Haas,20,0,0,12.325,0.0827178729689808,0.0,0.0,2.8,0.03308714918759232
2025,kick-sauber,Kick Sauber,20,0,1,13.575,0.08862629246676514,0.0,0.03333333333333333,3.0,0.04378385032003939
2025,mclaren,McLaren,20,13,30,3.675,1.0,1.0,1.0,33.85,1.0
2025,mercedes,Mercedes,20,2,9,7.575,0.4918759231905465,0.15384615384615385,0.3,16.65,0.3255965231223724
2025,racing-bulls,Racing Bulls,20,0,1,12.35,0.10044313146233383,0.0,0.03333333333333333,3.4,0.04851058591826687
2025,red-bull,Red Bull,20,5,11,8.25,0.4711964549483013,0.3846153846153846,0.3666666666666667,15.95,0.4147606332613718
2025,williams,Williams,20,0,1,11.725,0.14623338257016247,0.0,0.03333333333333333,4.95,0.06682668636139832
