year,name,TDI,TDI_normalized,TDI_rank
1950,Alfa Romeo,0.908509600960096,1.0,1.0
1950,Kurtis Kraft,0.6055695850483924,0.6487529804334644,2.0
1950,Deidt,0.3838580487262209,0.3916871844133756,3.0
1950,Ferrari,0.2680821003448659,0.257449531180094,4.0
1950,Talbot-Lago,0.204093550987269,0.1832573278800421,5.0
1950,Maserati,0.1481020668332938,0.1183374067827815,6.0
1950,Moore,0.1292079207920792,0.0964303884436598,7.0
1950,Nichels,0.1202970297029702,0.0860985611104105,8.0
1950,Marchese,0.1143564356435643,0.0792106762215776,9.0
1950,Lesovsky,0.1128712871287128,0.0774887049993694,10.0
1950,Stevens,0.1113861386138613,0.0757667337771612,11.0
1950,Alta,0.1103960396039603,0.0746187529623557,12.0
1950,ERA,0.1080445544554455,0.0718922985271928,13.0
1950,Simca-Gordini,0.1062465235287573,0.0698075524688452,14.0
1950,Cooper,0.1054455445544554,0.0688788488883284,15.0
1950,Langley,0.0995049504950495,0.0619909639994955,16.0
1950,Ewing,0.0965346534653465,0.0585470215550791,17.0
1950,Rae,0.0816831683168316,0.041327309332997,18.0
1950,Olson,0.0787128712871287,0.0378833668885806,19.0
1950,Wetteroth,0.0757425742574257,0.0344394244441642,20.0
1950,Snowberger,0.0668316831683168,0.0241075971109149,21.0
1950,Adams,0.0623762376237623,0.0189416834442903,22.0
1950,Watson,0.046039603960396,0.0,23.0
1951,Kurtis Kraft,0.749456867711395,1.0,1.0
1951,Alfa Romeo,0.6208919662730392,0.8164530541974478,2.0
1951,Ferrari,0.6053554094905289,0.794272136125613,3.0
1951,Sherman,0.1421252590375316,0.1329370565815909,4.0
1951,Moore,0.1292079207920792,0.1144954916107025,5.0
1951,Talbot-Lago,0.1248622304090874,0.1082913240013638,6.0
1951,ERA,0.1217821782178217,0.1038940572023042,7.0
1951,O.S.C.A.,0.1202970297029702,0.1017737703206245,8.0
1951,HWM,0.1128712871287128,0.0911723359122261,9.0
1951,Schroeder,0.1086115588303016,0.0850908929182611,10.0
1951,Simca-Gordini,0.107044935262757,0.0828542873764058,11.0
1951,BRM,0.1059382915035689,0.0812743765312377,12.0
1951,Alta,0.1054455445544554,0.0805709015038277,13.0
1951,Kuzma,0.1024752475247524,0.0763303277404683,14.0
1951,Deidt,0.1009900990099009,0.0742100408587887,15.0
1951,Pawl,0.0995049504950495,0.072089753977109,16.0
1951,Maserati,0.0927722772277227,0.0624777867801611,17.0
1951,Hall,0.0905940594059405,0.0593680326870309,18.0
1951,Marchese,0.0876237623762376,0.0551274589236716,19.0
1951,Veritas,0.0876237623762376,0.0551274589236716,19.0
1951,Bromme,0.0668316831683168,0.0254434425801561,20.0
1951,Trevis,0.0608910891089108,0.0169622950534374,21.0
1951,Lesovsky,0.0579207920792079,0.012721721290078,22.0
1951,Watson,0.049009900990099,0.0,23.0
1952,Ferrari,0.8731690448456609,1.0,1.0
1952,Kuzma,0.6279547700925816,0.7035357918216162,2.0
1952,Kurtis Kraft,0.3572244879217863,0.3762227150666207,3.0
1952,Gordini,0.1746359284671601,0.1554730349933249,4.0
1952,Cooper,0.1548095090507341,0.1315028817906944,5.0
1952,Maserati,0.1344087962616129,0.1068384075491698,6.0
1952,Connaught,0.1219126165728605,0.091730518661334,7.0
1952,Heck,0.1143564356435643,0.0825950912955652,8.0
1952,Watson,0.1143564356435643,0.0825950912955652,8.0
1952,Frazer-Nash,0.1141376689536173,0.0823306022335958,9.0
1952,Lesovsky,0.1124049956862906,0.0802357991934909,10.0
1952,Alta,0.1054455445544554,0.0718218185178828,11.0
1952,Sherman,0.1054455445544554,0.0718218185178828,11.0
1952,HWM,0.1027102103762881,0.0685147978232262,12.0
1952,Balsa,0.1024752475247524,0.0682307275919887,13.0
1952,Trevis,0.1024752475247524,0.0682307275919887,13.0
1952,Veritas,0.1001650165016501,0.0654376568718488,14.0
1952,Nacke,0.0965346534653465,0.0610485457402004,15.0
1952,ERA,0.0915841584158415,0.0550633941970434,16.0
1952,Reif,0.0905940594059405,0.0538663638884121,17.0
1952,Simca-Gordini,0.0905940594059405,0.0538663638884121,17.0
1952,AFM,0.087029702970297,0.0495570547773391,18.0
1952,Bromme,0.0846534653465346,0.0466841820366238,19.0
1952,Stevens,0.0816831683168316,0.0430930911107297,20.0
1952,Deidt,0.0787128712871287,0.0395020001848355,21.0
1952,O.S.C.A.,0.0787128712871287,0.0395020001848355,21.0
1952,Aston Butterworth,0.075,0.0350131365274678,22.0
1952,Krakau,0.0519801980198019,0.0071821818517882,23.0
1952,Cisitalia,0.046039603960396,0.0,24.0
1953,Ferrari,0.7962433993399339,1.0,1.0
1953,Kurtis Kraft,0.7249172468267234,0.9088922694111788,2.0
1953,Maserati,0.3539230989425473,0.4350066933007823,3.0
1953,Gordini,0.1101325241602274,0.1236032988270981,4.0
1953,Greifzu,0.1054455445544554,0.1176164334186649,5.0
1953,Cooper,0.1031824611032531,0.1147257069444735,6.0
1953,Heck,0.1024752475247524,0.1138223549212886,7.0
1953,HWM,0.097029702970297,0.1068665443427655,8.0
1953,Simca-Gordini,0.0965346534653465,0.1062341979265361,9.0
1953,Connaught,0.0925742574257425,0.101175426596701,10.0
1953,Schroeder,0.0905940594059405,0.0986460409317835,11.0
1953,O.S.C.A.,0.0867751060820367,0.0937679400065854,12.0
1953,Kuzma,0.0841584158415841,0.0904255375208015,13.0
1953,Veritas,0.083539603960396,0.0896351045005148,14.0
1953,EMW,0.0816831683168316,0.0872638054396546,15.0
1953,AFM,0.0683168316831683,0.0701904522014613,16.0
1953,Stevens,0.0638613861386138,0.0644993344553969,17.0
1953,Turner,0.0519801980198019,0.0493230204658917,18.0
1953,Lesovsky,0.0371287128712871,0.0303526279790103,19.0
1953,Watson,0.0282178217821782,0.0189703924868814,20.0
1953,Bromme,0.0163366336633663,0.0037940784973762,21.0
1953,Del Roy,0.0133663366336633,0.0,22.0
1954,Kurtis Kraft,0.7194823704023189,1.0,1.0
1954,Mercedes,0.6595203298356742,0.9166594720964252,2.0
1954,Ferrari,0.5951074362755425,0.8271327564882116,3.0
1954,Maserati,0.3952720149658698,0.5493838782246218,4.0
1954,Kuzma,0.2461358019209992,0.342101227280059,5.0
1954,Phillips,0.1262376237623762,0.1754561737097003,6.0
1954,Gordini,0.1183733072858855,0.164525653658051,7.0
1954,Klenk,0.1054455445544554,0.1465575098045732,8.0
1954,Connaught,0.103069306930693,0.1432548053582729,9.0
1954,HWM,0.0995049504950495,0.1383007486888226,10.0
1954,Lancia,0.0916001914092754,0.127314017934942,11.0
1954,Vanwall,0.0915841584158415,0.1272917338678218,12.0
1954,Stevens,0.0816831683168316,0.1135304653415708,13.0
1954,Cooper,0.0737623762376237,0.10252145052057,14.0
1954,Pankratz,0.0698019801980198,0.0970169431100696,15.0
1954,Pawl,0.0415841584158415,0.0577973278102542,16.0
1954,Nichels,0.0282178217821782,0.0392196152998153,17.0
1954,Schroeder,0.0074257425742574,0.0103209513946882,18.0
1954,Bromme,0.0,0.0,19.0
1955,Kurtis Kraft,0.7548649443920726,1.0,1.0
1955,Mercedes,0.7517189218921891,0.995561639348323,2.0
1955,Ferrari,0.3383248258479274,0.4123515416499203,3.0
1955,Maserati,0.1936643329262189,0.2082667203685452,4.0
1955,Lancia,0.1384312323637427,0.1303447028954691,5.0
1955,Cooper,0.1084158415841584,0.0879994465008475,6.0
1955,Kuzma,0.1026444416593558,0.0798572433435961,7.0
1955,Epperly,0.1024752475247524,0.0796185468341001,8.0
1955,Vanwall,0.102050919377652,0.0790199111436182,9.0
1955,Phillips,0.0995049504950495,0.0754280970007264,10.0
1955,Trevis,0.098019801980198,0.0733328720840396,11.0
1955,Gordini,0.0977227722772277,0.0729138271007022,12.0
1955,Connaught,0.0852475247524752,0.0553139378005327,13.0
1955,Schroeder,0.0846534653465346,0.054475847833858,14.0
1955,Arzani-Volpini,0.0816831683168316,0.0502853980004843,15.0
1955,Pawl,0.0787128712871287,0.0460949481671106,16.0
1955,HWM,0.0757425742574257,0.0419044983337369,17.0
1955,Stevens,0.0519801980198019,0.0083808996667473,18.0
1955,Pankratz,0.046039603960396,0.0,19.0
1956,Ferrari,0.8203630363036303,1.0,1.0
1956,Watson,0.6419054793678125,0.7622344571649249,2.0
1956,Maserati,0.5190870795154049,0.5985990022564757,3.0
1956,Phillips,0.2760269971096488,0.2747611473231184,4.0
1956,Kurtis Kraft,0.2369211610602054,0.2226590088877066,5.0
1956,Connaught,0.1316247463255642,0.082368736859757,6.0
1956,Lesovsky,0.1232673267326732,0.0712338404713745,7.0
1956,Stevens,0.1202970297029702,0.0672764048896315,8.0
1956,Gordini,0.114176864891458,0.0591222850325908,9.0
1956,Kuzma,0.1133232888506241,0.0579850343933652,10.0
1956,Cooper,0.1113861386138613,0.0554040981444024,11.0
1956,Vanwall,0.1078070229383186,0.0506355111701282,12.0
1956,Bugatti,0.0935643564356435,0.0316594846539442,13.0
1956,BRM,0.0852475247524752,0.0205786650250637,14.0
1956,Emeryson,0.0698019801980198,0.0,15.0
1957,Epperly,0.784006092916984,1.0,1.0
1957,Maserati,0.6962390150022028,0.8791229104713822,2.0
1957,Vanwall,0.4973057882711348,0.6051423926155137,3.0
1957,Ferrari,0.355436364378196,0.4097529201537435,4.0
1957,Kuzma,0.2424841330286875,0.2541896120697191,5.0
1957,Connaught,0.1324447829398324,0.1026380657680809,6.0
1957,Phillips,0.1232673267326732,0.0899984266009335,7.0
1957,Cooper,0.1146579080985021,0.0781411164140487,8.0
1957,Kurtis Kraft,0.1083650672759583,0.0694743098896872,9.0
1957,Porsche,0.1074257425742574,0.0681806262128284,10.0
1957,BRM,0.1039603960396039,0.0634079823779304,11.0
1957,Lesovsky,0.0905940594059405,0.0449992133004667,12.0
1957,Dunn,0.0876237623762376,0.040908375727697,13.0
1957,Watson,0.0579207920792079,0.0,14.0
1958,Epperly,0.7840998615990631,1.0,1.0
1958,Vanwall,0.624316867170588,0.7749035752762758,2.0
1958,Ferrari,0.5722859638905067,0.7016043462476516,3.0
1958,Cooper,0.3320542866639142,0.3631747665385555,4.0
1958,Kurtis Kraft,0.2269808634089215,0.2151511799686541,5.0
1958,BRM,0.1956373056660504,0.1709955249111311,6.0
1958,Phillips,0.1292079207920792,0.0774122428778187,7.0
1958,Maserati,0.1286347667024767,0.0766048044088703,8.0
1958,Lotus,0.1200263914337104,0.0644776409231039,9.0
1958,Porsche,0.1123762376237623,0.0537003846990273,10.0
1958,Watson,0.0987623762376237,0.0345216758779461,11.0
1958,Kuzma,0.0911881188118811,0.02385133969749,12.0
1958,Connaught,0.0858415841584158,0.0163193376877563,13.0
1958,Lesovsky,0.0831683168316831,0.0125533366828895,14.0
1958,Dunn,0.0787128712871287,0.0062766683414447,15.0
1958,O.S.C.A.,0.0742574257425742,0.0,16.0
1959,Watson,0.7475298299060675,1.0,1.0
1959,Cooper,0.7388818545316069,0.987405348896538,2.0
1959,Ferrari,0.5264362876226993,0.6780060180893834,3.0
1959,BRM,0.2537853235873037,0.2809253585873283,4.0
1959,Lesovsky,0.2332762122366082,0.2510565059693049,5.0
1959,Epperly,0.1246128458999746,0.092802449097302,6.0
1959,Aston Martin,0.1169554455445544,0.0816504416435276,7.0
1959,Lotus,0.1169526061917932,0.0816463064956071,8.0
1959,Moore,0.1143564356435643,0.0778653218322383,9.0
1959,Porsche,0.1128712871287128,0.0757023962257872,10.0
1959,Dunn,0.1113861386138613,0.0735394706193361,11.0
1959,Tec-Mec,0.1113861386138613,0.0735394706193361,11.0
1959,Kuzma,0.1042574257425742,0.063157427708371,12.0
1959,Maserati,0.1037953795379537,0.0624845175196974,13.0
1959,Connaught,0.0965346534653465,0.0519102145548255,14.0
1959,Kurtis Kraft,0.0951637471439451,0.0499136678411784,15.0
1959,Behra-Porsche,0.095049504950495,0.0497472889483744,16.0
1959,JBW,0.0846534653465346,0.034606809703217,17.0
1959,Elder,0.0816831683168316,0.0302809584903149,18.0
1959,Phillips,0.0787128712871287,0.0259551072774127,19.0
1959,Vanwall,0.0787128712871287,0.0259551072774127,19.0
1959,Fry,0.0727722772277227,0.0173034048516085,20.0
1959,Christensen,0.0698019801980198,0.0129775536387063,21.0
1959,Sutton,0.0608910891089108,0.0,22.0
1960,Cooper,0.9163046949856276,1.0,1.0
1960,Watson,0.5321111759512576,0.5453425652096333,2.0
1960,Lotus,0.3007050467218224,0.2714948507175757,3.0
1960,Ferrari,0.2472091438456089,0.2081874059834079,4.0
1960,Epperly,0.1751698419120356,0.1229355664845823,5.0
1960,Phillips,0.1407619836873555,0.0822170541151318,6.0
1960,Lesovsky,0.1369106293889301,0.0776593331254805,7.0
1960,Porsche,0.1315741265756531,0.0713440764654143,8.0
1960,BRM,0.1298117361642378,0.0692584506964863,9.0
1960,Trevis,0.1286038295459501,0.0678290051245847,10.0
1960,Behra-Porsche,0.1158415841584158,0.0527260701124444,11.0
1960,Meskowski,0.1143564356435643,0.0509685344420296,12.0
1960,Kuzma,0.1128712871287128,0.0492109987716148,13.0
1960,JBW,0.1039603960396039,0.0386657847491259,14.0
1960,Aston Martin,0.0985148514851485,0.0322214872909383,15.0
1960,Maserati,0.0969589816124469,0.0303802594457418,16.0
1960,Christensen,0.0965346534653465,0.0298781063970518,17.0
1960,Vanwall,0.0965346534653465,0.0298781063970518,17.0
1960,Scarab,0.0945544554455445,0.0275347255031654,18.0
1960,Kurtis Kraft,0.0850247524752475,0.016257204951337,19.0
1960,Ewing,0.0712871287128712,0.0,20.0
1961,Ferrari,0.9265676567656768,1.0,1.0
1961,Lotus,0.4531948036221532,0.454112371065699,2.0
1961,Porsche,0.2163697494749475,0.181008693019635,3.0
1961,Cooper,0.1727817501577744,0.1307435596491176,4.0
1961,BRM,0.1440790954095409,0.0976440186835048,5.0
1961,Gilby,0.1054455445544554,0.053092293054234,6.0
1961,JBW,0.0816831683168316,0.0256898192197906,7.0
1961,De Tomaso,0.0794554455445544,0.0231208372978116,8.0
1961,Emeryson,0.0757425742574257,0.0188392007611798,9.0
1961,Ferguson,0.0594059405940594,0.0,10.0
1962,BRM,0.929059405940594,1.0,1.0
1962,Lotus,0.7961950198476069,0.8464347085267299,2.0
1962,Cooper,0.572797428936442,0.5882307069014208,3.0
1962,Ferrari,0.405136994114158,0.3944479762605705,4.0
1962,Porsche,0.3314028177011249,0.3092256633039265,5.0
1962,Lola,0.2358753546132602,0.1988145656112522,6.0
1962,Brabham,0.1436122644522516,0.0921764457249804,7.0
1962,LDS,0.1143564356435643,0.058362419179493,8.0
1962,Emeryson,0.1064356435643564,0.0492075298964353,9.0
1962,ENB,0.1024752475247524,0.0446300852549064,10.0
1962,Gilby,0.0861386138613861,0.0257481261085998,11.0
1962,De Tomaso,0.0638613861386138,0.0,12.0
1963,Lotus,0.9141691196146642,1.0,1.0
1963,BRM,0.4368995868564958,0.4367420672928232,2.0
1963,Brabham,0.232902905254029,0.195991838602339,3.0
1963,Ferrari,0.2309084806627031,0.1936380837633102,4.0
1963,Cooper,0.2265420611404206,0.1884849778878104,5.0
1963,Stebro,0.1292079207920792,0.0736144007579346,6.0
1963,BRP,0.1266799161667991,0.0706309321696916,7.0
1963,Porsche,0.12462600274626,0.0682069705551156,8.0
1963,Lola,0.1098019801980198,0.0507121427443549,9.0
1963,Alfa Special,0.1054455445544554,0.0455708195168166,10.0
1963,LDS,0.1039603960396039,0.0438180956892468,11.0
1963,ATS,0.1024752475247524,0.0420653718616769,12.0
1963,Scirocco,0.0986562942008486,0.0375583677336401,13.0
1963,Gilby,0.0866336633663366,0.0233696510342649,14.0
1963,De Tomaso,0.0668316831683168,0.0,15.0
1964,Lotus,0.9159256491686903,1.0,1.0
1964,Ferrari,0.6757996953541509,0.7090551763763625,2.0
1964,Brabham,0.6373219725818736,0.6624342506181008,3.0
1964,BRM,0.5485057601394234,0.5548214880095821,4.0
1964,Cooper,0.1947543792840822,0.1262042083086673,5.0
1964,BRP,0.1218501795234468,0.0378709848322795,6.0
1964,Honda,0.1044554455445544,0.0167949298325033,7.0
1964,Derrington-Francis,0.1024752475247524,0.0143956541421457,8.0
1964,Scirocco,0.0935643564356435,0.0035989135355364,9.0
1964,Porsche,0.0905940594059405,0.0,10.0
1965,Lotus,0.7963603256877412,1.0,1.0
1965,BRM,0.7150748264481621,0.8853092905778978,2.0
1965,Brabham,0.5665166516651665,0.6756994263867915,3.0
1965,Ferrari,0.2808095952023988,0.2725777712434065,4.0
1965,Honda,0.2434119905217122,0.2198111910828601,5.0
1965,Cooper,0.1661360532604984,0.1107778192187795,6.0
1965,Alfa Special,0.1202970297029702,0.0461007220709341,7.0
1965,LDS,0.0876237623762376,0.0,8.0
1966,Brabham,0.9172876498176132,1.0,1.0
1966,Ferrari,0.3886154266475799,0.3604979773621228,2.0
1966,Cooper,0.305550506006335,0.2600194910103893,3.0
1966,Lotus,0.3033249527165996,0.2573273771298074,4.0
1966,BRM,0.2580088468102343,0.202511292389391,5.0
1966,Honda,0.1274926788453493,0.0446339730552817,6.0
1966,McLaren,0.1233788871844931,0.0396577742452635,7.0
1966,Eagle,0.1162098604226619,0.0309858468891301,8.0
1966,Matra,0.1106435643564356,0.0242526435223852,9.0
1966,Shannon,0.0905940594059405,0.0,10.0
1967,Brabham,0.9285656944072788,1.0,1.0
1967,Lotus,0.6898731431082072,0.7127788304338518,2.0
1967,Cooper,0.3147043298593651,0.261334389710345,3.0
1967,Honda,0.2237833499736528,0.1519282518197902,4.0
1967,Ferrari,0.1914139418143494,0.1129778144513858,5.0
1967,Eagle,0.1836416992539589,0.1036253960948108,6.0
1967,BRM,0.1545490473417089,0.0686179127756202,7.0
1967,LDS,0.1232673267326732,0.0309763008758372,8.0
1967,McLaren,0.118782760629004,0.0255799769676031,9.0
1967,Matra,0.1084158415841584,0.0131053580628542,10.0
1967,Protos,0.098019801980198,0.0005956980937661,11.0
1967,Lola,0.0975247524752475,0.0,12.0
1968,McLaren,0.921987814166032,1.0,1.0
1968,Matra,0.8971371477918583,0.969565976803632,2.0
1968,Lotus,0.7288522069085311,0.7634713909552114,3.0
1968,Ferrari,0.359506424780409,0.3111423494913602,4.0
1968,BRM,0.2502860630890675,0.1773827564413924,5.0
1968,Cooper,0.1910999203368612,0.1048988876266638,6.0
1968,Honda,0.1849135085922385,0.097322535519913,7.0
1968,Brabham,0.1739171838076302,0.0838555967050502,8.0
1968,Lola,0.1202970297029702,0.0181882625079282,9.0
1968,Eagle,0.1074257425742574,0.0024251016677237,10.0
1968,LDS,0.1054455445544554,0.0,11.0
1969,Matra,0.932068206820682,1.0,1.0
1969,Brabham,0.6259701435259806,0.6413005807207893,2.0
1969,Lotus,0.5507872257814016,0.5531978706140183,3.0
1969,McLaren,0.4229555980808164,0.403399044289625,4.0
1969,Ferrari,0.1657527664531158,0.1019972472681221,5.0
1969,BRM,0.1584412660723085,0.0934293036737507,6.0
1969,Cooper,0.1292079207920792,0.059172360448627,7.0
1969,Tecno,0.1024752475247524,0.0278458166817068,8.0
1969,Eagle,0.0905940594059405,0.0139229083408534,9.0
1969,BMW,0.0787128712871287,0.0,10.0
1970,Lotus,0.8414959487355824,1.0,1.0
1970,Ferrari,0.8094521452145215,0.957859659010368,2.0
1970,March,0.540591784742384,0.6042853006654034,3.0
1970,Brabham,0.4056299776983142,0.4267989867927078,4.0
1970,McLaren,0.3573828526412761,0.3633498927943407,5.0
1970,BRM,0.2894589352249591,0.2740241347146572,6.0
1970,Matra,0.2689588594486978,0.2470647825591881,7.0
1970,Surtees,0.1192808754559666,0.0502254379430365,8.0
1970,Tyrrell,0.1054455445544554,0.0320307950533159,9.0
1970,De Tomaso,0.0997749774977497,0.0245735146085306,10.0
1970,Bellasi,0.081089108910891,0.0,11.0
1971,Tyrrell,0.9264959104606112,1.0,1.0
1971,Ferrari,0.4702721996337565,0.4542137808987621,2.0
1971,BRM,0.4019707233881283,0.3725038574676186,3.0
1971,March,0.3042150267658344,0.2555574761443163,4.0
1971,Lotus,0.2379306930693069,0.176260685961479,5.0
1971,Matra,0.1668012389474241,0.0911676166829057,6.0
1971,McLaren,0.1578206958626897,0.080424078941718,7.0
1971,Brabham,0.1431314131413141,0.0628511034747516,8.0
1971,Surtees,0.1305676996271055,0.0478209734441065,9.0
1971,Bellasi,0.0905940594059405,0.0,10.0
1972,Lotus,0.826143328618576,1.0,1.0
1972,Tyrrell,0.7412061206120613,0.8863610558368651,2.0
1972,McLaren,0.6501584158415842,0.7645467734813602,3.0
1972,Ferrari,0.4675997599759975,0.5202984235848678,4.0
1972,BRM,0.2348346834683467,0.2088780443047773,5.0
1972,Surtees,0.1795916433748637,0.1349674355630392,6.0
1972,Matra,0.1781503150315031,0.133039057706313,7.0
1972,March,0.1743443309848226,0.127946966516627,8.0
1972,Brabham,0.1287278727872787,0.0669159264377834,9.0
1972,Eifelland,0.1058168316831683,0.0362628524569482,10.0
1972,Connew,0.0787128712871287,0.0,11.0
1972,Politoys,0.0787128712871287,0.0,11.0
1972,Tecno,0.0787128712871287,0.0,11.0
1973,Lotus,0.9055814192682252,1.0,1.0
1973,Tyrrell,0.8268676867686768,0.903013261287938,2.0
1973,McLaren,0.5220246286129824,0.5274023851336179,3.0
1973,Brabham,0.1823698388855008,0.108898404982651,4.0
1973,March,0.1625784128049608,0.0845124965895581,5.0
1973,Shadow,0.1571049608220274,0.0777684096244935,6.0
1973,Ferrari,0.1410555462325893,0.0579932023024889,7.0
1973,Surtees,0.1337220211125228,0.0489572353616211,8.0
1973,BRM,0.131373832298484,0.0460639260530443,9.0
1973,Iso-Marlboro,0.1118056720926329,0.0219531136103549,10.0
1973,Tecno,0.0994176875314649,0.0066893193059754,11.0
1973,Ensign,0.0939886845827439,0.0,12.0
1974,McLaren,0.8739654182809585,1.0,1.0
1974,Ferrari,0.8359653465346536,0.9536027114177916,2.0
1974,Lotus,0.6036006100610062,0.6698902540710515,3.0
1974,Brabham,0.5738483848384839,0.6335634126685362,4.0
1974,Tyrrell,0.5736787146456581,0.6333562489307177,5.0
1974,Hesketh,0.2087726217676712,0.1878135823352955,6.0
1974,BRM,0.143080308030803,0.1076046485619318,7.0
1974,Shadow,0.1415191340562627,0.105698487965516,8.0
1974,March,0.1121182118211821,0.0698005801238881,9.0
1974,Lola,0.1085588558855885,0.0654546813684051,10.0
1974,Penske,0.1024752475247524,0.05802672347866,11.0
1974,Iso-Marlboro,0.1004376866258054,0.0555389044644377,12.0
1974,Parnelli,0.0995049504950495,0.0544000532612437,13.0
1974,Token,0.0957920792079208,0.0498667154894734,14.0
1974,Trojan,0.0939356435643564,0.0476000466035883,15.0
1974,Surtees,0.0929702970297029,0.046421378782928,16.0
1974,Ensign,0.0799504950495049,0.0305244743299201,17.0
1974,Amon,0.0668316831683168,0.0145066808696649,18.0
1974,Lyncar,0.0579207920792079,0.0036266702174162,19.0
1974,Maki,0.0549504950495049,0.0,20.0
1975,Ferrari,0.9287835926449788,1.0,1.0
1975,McLaren,0.6674114574817143,0.6961388832169763,2.0
1975,Brabham,0.5781402461874279,0.5923556320164953,3.0
1975,Tyrrell,0.3396105933354193,0.3150503000758731,4.0
1975,Hesketh,0.3381415719999159,0.3133424727923513,5.0
1975,March,0.2015773784082318,0.1545782328651624,6.0
1975,Shadow,0.1510991801494594,0.0958942354814151,7.0
1975,Lotus,0.1507757659889254,0.0955182467099192,8.0
1975,Frank Williams Racing Cars,0.1323397144183691,0.0740852075077893,9.0
1975,Parnelli,0.1185989269317993,0.0581107003992207,10.0
1975,Penske,0.1185286796836108,0.058029033670393,11.0
1975,Hill,0.1145256927927429,0.0533753162174322,12.0
1975,Lola,0.1084158415841584,0.0462722399447495,13.0
1975,Surtees,0.1059405940594059,0.0433946130825138,14.0
1975,Ensign,0.1041698303908603,0.0413359918544056,15.0
1975,Lyncar,0.0995049504950495,0.0359127832407011,16.0
1975,Fittipaldi,0.0956859971711456,0.0314730160818232,17.0
1975,BRM,0.0949144914491449,0.030576093423464,18.0
1975,Maki,0.0686138613861386,0.0,19.0
1976,Ferrari,0.9255445544554456,1.0,1.0
1976,McLaren,0.8093657442667345,0.8642362625354643,2.0
1976,Tyrrell,0.5655585941450618,0.5793291450729057,3.0
1976,Lotus,0.3163609804683942,0.2881228627479789,4.0
1976,Penske,0.2659806414747809,0.2292496215313302,5.0
1976,March,0.213629437462977,0.16807327529516,6.0
1976,Ligier,0.2073618659942917,0.1607491434157522,7.0
1976,Shadow,0.1535774010093317,0.0978979231972984,8.0
1976,Parnelli,0.1208320832083208,0.0596325396741918,9.0
1976,Brabham,0.1200840296795637,0.0587583824787219,10.0
1976,Surtees,0.1190397987167137,0.0575381195231758,11.0
1976,Kojima,0.1173267326732673,0.0555362721277334,12.0
1976,Ensign,0.1105467689626105,0.0476133711121562,13.0
1976,Fittipaldi,0.1037833783378337,0.0397098370024437,14.0
1976,Boro,0.096039603960396,0.0306606502371861,15.0
1976,Wolf-Williams,0.0951555869872701,0.0296276094610006,16.0
1976,Hesketh,0.0943392165303486,0.0286736187616014,17.0
1976,BRM,0.0846534653465346,0.0173550850399167,18.0
1976,Maki,0.0698019801980198,0.0,19.0
1977,Ferrari,0.8575480489225393,1.0,1.0
1977,Lotus,0.6918868270340965,0.7958601380960726,2.0
1977,Wolf,0.5702088314481604,0.6459196213444417,3.0
1977,McLaren,0.5436753595294982,0.613223138537168,4.0
1977,Shadow,0.2546540400944119,0.2570699509402489,5.0
1977,Ligier,0.248835548028487,0.2498999798795087,6.0
1977,Tyrrell,0.2209150971488125,0.215494360254716,7.0
1977,Brabham,0.2203210377428719,0.2147623168488482,8.0
1977,Fittipaldi,0.128209136703144,0.1012553020894084,9.0
1977,Ensign,0.1212757713018265,0.0927115026448557,10.0
1977,Surtees,0.1139916623241271,0.083735491337864,11.0
1977,Penske,0.1028318466521574,0.0699835510576982,12.0
1977,Kojima,0.1009900990099009,0.0677140150427742,13.0
1977,Hesketh,0.0904879773691654,0.0547725334033251,14.0
1977,March,0.0904630168899243,0.0547417752770281,15.0
1977,Renault,0.09,0.0541712120342194,16.0
1977,LEC,0.0852475247524752,0.0483148647872768,17.0
1977,Boro,0.0698019801980198,0.0292817362347131,18.0
1977,BRM,0.0653465346534653,0.0237914106907044,19.0
1977,Apollon,0.0519801980198019,0.0073204340586782,20.0
1977,McGuire,0.046039603960396,0.0,21.0
1978,Lotus,0.9125,1.0,1.0
1978,Ferrari,0.6125728551919232,0.6502509265335169,2.0
1978,Brabham,0.5018236244806746,0.5211047605432026,3.0
1978,Tyrrell,0.3166894783690191,0.3052173452477521,4.0
1978,Wolf,0.225814182403462,0.199246441596186,5.0
1978,Ligier,0.1941535994732477,0.1623266104407334,6.0
1978,Fittipaldi,0.1631947154075013,0.1262250397593607,7.0
1978,McLaren,0.15088889430815,0.111875056430921,8.0
1978,Williams,0.1504365214846607,0.1113475384032412,9.0
1978,Arrows,0.1393214814092246,0.098386140826459,10.0
1978,Renault,0.1087084816856069,0.0626879105238424,11.0
1978,Shadow,0.1065300343421765,0.0601475938064348,12.0
1978,Martini,0.0948373408769448,0.0465125868502979,13.0
1978,ATS,0.0931002475247524,0.0444869389522297,14.0
1978,Surtees,0.0924110191191533,0.0436832204477931,15.0
1978,Ensign,0.0913677022874701,0.0424665946720679,16.0
1978,Merzario,0.0804601048340128,0.0297470987240328,17.0
1978,Theodore,0.0723479490806223,0.0202874049027895,18.0
1978,Hesketh,0.0698019801980198,0.01731851638043,19.0
1978,March,0.0549504950495049,0.0,20.0
1979,Ferrari,0.9345544554455446,1.0,1.0
1979,Williams,0.7386979198260193,0.7738997588573316,2.0
1979,Ligier,0.5528503595764613,0.5593540555174602,3.0
1979,Renault,0.2849374757080881,0.2500706943252588,4.0
1979,Lotus,0.2755522856740338,0.2392362653226359,5.0
1979,Tyrrell,0.2448283713241984,0.203768036389805,6.0
1979,McLaren,0.1563735012030814,0.1016541732942191,7.0
1979,Brabham,0.1171418557784981,0.0563644694665483,8.0
1979,Arrows,0.1165723297993516,0.0557069986253801,9.0
1979,Shadow,0.110062209760799,0.0481916011640268,10.0
1979,Fittipaldi,0.1051187758026192,0.0424848137623105,11.0
1979,ATS,0.1012625952860772,0.0380331709211773,12.0
1979,Wolf,0.1008910891089108,0.0376042976340153,13.0
1979,Alfa Romeo,0.0956859971711456,0.0315954476429959,14.0
1979,Ensign,0.0901980198019802,0.025260029717682,15.0
1979,Rebaque,0.0787128712871287,0.012001371585324,16.0
1979,Merzario,0.0731683168316831,0.0056006400731512,17.0
1979,Kauhsen,0.0683168316831683,0.0,18.0
1980,Williams,0.9206096925482022,1.0,1.0
1980,Ligier,0.4879742259940279,0.4877962126497985,2.0
1980,Brabham,0.4657355021216406,0.4614674451911423,3.0
1980,Renault,0.4061551155115511,0.3909293085086849,4.0
1980,Fittipaldi,0.1526174760333176,0.0907621950473112,5.0
1980,Lotus,0.1425719507434614,0.0788691430505159,6.0
1980,Arrows,0.1398186715223246,0.0756094934061373,7.0
1980,Tyrrell,0.1281188118811881,0.0617578495097499,8.0
1980,McLaren,0.128022159358793,0.0616434211009511,9.0
1980,Ferrari,0.1269471947194719,0.0603707539201644,10.0
1980,Alfa Romeo,0.1076567656765676,0.0375325180860048,11.0
1980,ATS,0.0983498349834983,0.0265138995997208,12.0
1980,Ensign,0.0909653465346534,0.0177712900738129,13.0
1980,Osella,0.0888967468175388,0.0153222430318386,14.0
1980,Shadow,0.0759547383309759,0.0,15.0
1981,Williams,0.927920792079208,1.0,1.0
1981,Brabham,0.6446453481380527,0.6698878523357947,2.0
1981,Renault,0.623373852567443,0.6450993320562103,3.0
1981,Ligier,0.5102795410140466,0.5133060302575135,4.0
1981,Ferrari,0.4143702649617188,0.4015391342002261,5.0
1981,McLaren,0.3368357918787829,0.311185127261533,6.0
1981,Lotus,0.1798975542435677,0.1282987536471713,7.0
1981,Arrows,0.1570389225157333,0.1016606804440875,8.0
1981,Alfa Romeo,0.1544418166513007,0.0986341696294147,9.0
1981,Tyrrell,0.1265971860343929,0.0661857135049461,10.0
1981,Ensign,0.1150436425221469,0.0527219094812142,11.0
1981,Theodore,0.1101250651380927,0.0469900955226418,12.0
1981,ATS,0.0943701146430432,0.0286302247484408,13.0
1981,Fittipaldi,0.0878359264497878,0.0210156752212827,14.0
1981,March,0.085077793493635,0.0178015131286159,15.0
1981,Osella,0.0839364970979856,0.0164715150213055,16.0
1981,Toleman,0.0698019801980198,0.0,17.0
1982,Brabham,0.875112511251125,1.0,1.0
1982,McLaren,0.8414565302684115,0.9575922119586776,2.0
1982,Ferrari,0.802063962405856,0.9079561110476184,3.0
1982,Renault,0.7839237289113528,0.885098742027529,4.0
1982,Williams,0.5296772946525421,0.5647387768894596,5.0
1982,Lotus,0.325680202635648,0.3076948522526482,6.0
1982,Tyrrell,0.3104002407452283,0.2884415318558597,7.0
1982,Ligier,0.2538953126081838,0.2172432204188316,8.0
1982,Alfa Romeo,0.1475138619631193,0.0831986352141559,9.0
1982,Arrows,0.1187611068799187,0.0469690942063123,10.0
1982,ATS,0.1057700241177963,0.0305998466575236,11.0
1982,Fittipaldi,0.0941482609799441,0.0159559927740301,12.0
1982,Osella,0.0924695354150799,0.0138407361136798,13.0
1982,March,0.0904243281471004,0.0112636988742781,14.0
1982,Ensign,0.0848656294200848,0.004259531694545,15.0
1982,Toleman,0.0838048090523338,0.0029228585686417,16.0
1982,Theodore,0.0814851485148515,0.0,17.0
1983,Ferrari,0.9242574257425744,1.0,1.0
1983,Renault,0.8790709941780694,0.9468332993008504,2.0
1983,Brabham,0.8382498980235102,0.8988028856054814,3.0
1983,McLaren,0.3757939333259167,0.3546736633960576,4.0
1983,Williams,0.3553241841038035,0.3305888000289393,5.0
1983,Tyrrell,0.2400521007156894,0.1949587857908274,6.0
1983,Lotus,0.1956247871978209,0.1426852691866252,7.0
1983,Alfa Romeo,0.1875616494233692,0.1331981196616996,8.0
1983,Toleman,0.1285115140727555,0.0637192791396588,9.0
1983,Arrows,0.1236422293914784,0.0579900415719865,10.0
1983,Ligier,0.1031683168316831,0.0339002795899347,11.0
1983,Spirit,0.1004950495049504,0.0307548928238583,12.0
1983,Theodore,0.0992218884809829,0.0292568818334025,13.0
1983,ATS,0.0965346534653465,0.0260950605778191,14.0
1983,Osella,0.0839603960396039,0.0113000931966448,15.0
1983,RAM,0.0743564356435643,0.0,16.0
1984,McLaren,0.9311571782178218,1.0,1.0
1984,Ferrari,0.3408998238674041,0.3139151255166429,2.0
1984,Brabham,0.2967666779744176,0.2626170203132479,3.0
1984,Lotus,0.2685786588240705,0.2298527126122732,4.0
1984,Renault,0.2319977206779911,0.1873329063422498,5.0
1984,Williams,0.1995080289823407,0.1495685551067716,6.0
1984,Toleman,0.1676706541854473,0.1125624235771701,7.0
1984,Alfa Romeo,0.1364290577576921,0.0762487942664691,8.0
1984,Arrows,0.1188377548556249,0.055801566028465,9.0
1984,Ligier,0.110090838134336,0.045634598659721,10.0
1984,Spirit,0.1067450495049505,0.0417456255619337,11.0
1984,Osella,0.1031587435747058,0.0375770874897252,12.0
1984,ATS,0.1001650165016501,0.0340973326878299,13.0
1984,RAM,0.098019801980198,0.0316038453558337,14.0
1984,Tyrrell,0.0708301599390708,0.0,15.0
1985,McLaren,0.9219678217821784,1.0,1.0
1985,Williams,0.6757542629262926,0.705425993106455,2.0
1985,Lotus,0.6448446094609461,0.668445168348922,3.0
1985,Ferrari,0.6301182618261827,0.6508263205087075,4.0
1985,Brabham,0.2674931243124311,0.2169755599976965,5.0
1985,Ligier,0.2515841584158415,0.1979418079514324,6.0
1985,Renault,0.1904279782816991,0.1247735343919639,7.0
1985,Arrows,0.1690855335533553,0.0992390776798861,8.0
1985,Tyrrell,0.1378781628162816,0.0619020590146672,9.0
1985,Osella,0.1019183168316831,0.0188790997260679,10.0
1985,Alfa Romeo,0.0999690594059405,0.0165469756422595,11.0
1985,Minardi,0.0972772277227722,0.0133264233360479,12.0
1985,Toleman,0.0935643564356435,0.0088842822240319,13.0
1985,RAM,0.092993145468393,0.0082008758991064,14.0
1985,Spirit,0.0886138613861386,0.0029614274080106,15.0
1985,Zakspeed,0.0876237623762376,0.0017768564448063,16.0
1985,Lola,0.0861386138613861,0.0,17.0
1986,Williams,0.9324566831683168,1.0,1.0
1986,McLaren,0.5728878318962914,0.5743905778021658,2.0
1986,Lotus,0.3803166273374257,0.3464505913036292,3.0
1986,Ferrari,0.2340205055639942,0.1732848467250793,4.0
1986,Benetton,0.202056023071512,0.1354495757433169,5.0
1986,Ligier,0.1864480659992091,0.1169749677016823,6.0
1986,Tyrrell,0.1285669457903236,0.0484630539440857,7.0
1986,Arrows,0.1144334508948492,0.0317337166424291,8.0
1986,Lola,0.1106145986939119,0.0272134711513361,9.0
1986,Brabham,0.1076117117545659,0.0236590559936851,10.0
1986,Zakspeed,0.0995049504950495,0.0140633583592748,11.0
1986,Minardi,0.0925433168316831,0.0058231093206372,12.0
1986,Osella,0.0912438118811881,0.0042849295000915,13.0
1986,AGS,0.0876237623762376,0.0,14.0
1987,Williams,0.9283725247524752,1.0,1.0
1987,McLaren,0.5187562483438125,0.522082305565576,2.0
1987,Lotus,0.4023381101796311,0.3862520385908695,3.0
1987,Ferrari,0.3509833738848337,0.3263341628084843,4.0
1987,Benetton,0.1833814129588141,0.1307854325413837,5.0
1987,Brabham,0.1414171595079215,0.0818238545646736,6.0
1987,Tyrrell,0.1321784436655344,0.0710446301314058,7.0
1987,Arrows,0.1254024535665245,0.0631387783571016,8.0
1987,Lola,0.1142805521428055,0.0501623567833462,9.0
1987,March,0.1046776757967767,0.0389582499459162,10.0
1987,Zakspeed,0.1043739159499891,0.0386038396990595,11.0
1987,Ligier,0.1043311411433114,0.0385539324122531,12.0
1987,AGS,0.1035638144106381,0.0376586578734278,13.0
1987,Minardi,0.092914603960396,0.0252337460741489,14.0
1987,Osella,0.0907425742574257,0.0226995415327966,15.0
1987,Coloni,0.0712871287128712,0.0,16.0
1988,McLaren,0.9381188118811882,1.0,1.0
1988,Ferrari,0.2877503130338159,0.2429077264534263,2.0
1988,Benetton,0.226615534354943,0.1717408900141102,3.0
1988,Lotus,0.1626452808597442,0.0972732847351582,4.0
1988,March,0.15247565177372,0.0854348460353923,5.0
1988,Williams,0.1474953044927608,0.0796372367528464,6.0
1988,Arrows,0.1471935481864769,0.0792859630235893,7.0
1988,Rial,0.1047477486442111,0.0298749184620697,8.0
1988,Lola,0.1038675742574257,0.0288503097536377,9.0
1988,AGS,0.1002475247524752,0.0246362195649041,10.0
1988,Minardi,0.0967971043335489,0.0206195941528706,11.0
1988,Dallara,0.0961633663366336,0.019881861403256,12.0
1988,Tyrrell,0.0948766107766555,0.0183839526113494,13.0
1988,Ligier,0.0893873762376237,0.0119939489987033,14.0
1988,EuroBrun,0.0832611386138613,0.004862411756231,15.0
1988,Coloni,0.0831683168316831,0.0047543581616481,16.0
1988,Osella,0.0809405940594059,0.0021610718916582,17.0
1988,Zakspeed,0.0790841584158415,0.0,18.0
1989,McLaren,0.9270730198019802,1.0,1.0
1989,Williams,0.4531300616763804,0.4619468050644776,2.0
1989,Ferrari,0.4226978442525103,0.4273980233320851,3.0
1989,Benetton,0.258931635184795,0.2414791685402569,4.0
1989,Arrows,0.1439932091613416,0.1109930282094404,5.0
1989,Tyrrell,0.1439787263300798,0.110976586286423,6.0
1989,Dallara,0.1304034858273061,0.0955650237780931,7.0
1989,Brabham,0.1284542284015635,0.0933520904119755,8.0
1989,Lotus,0.1283929323783442,0.0932825028792048,9.0
1989,March,0.119253241813543,0.0829064868949984,10.0
1989,Minardi,0.1078299452285654,0.0699379616350147,11.0
1989,Onyx,0.0999985370877513,0.0610471993633819,12.0
1989,Ligier,0.0958704181588371,0.0563606700233101,13.0
1989,Lola,0.087928340706411,0.04734426820862,14.0
1989,Rial,0.0699731409311143,0.0269602695877486,15.0
1989,Osella,0.0650680693069307,0.0213916892058027,16.0
1989,AGS,0.059818311961601,0.0154317974849466,17.0
1989,Coloni,0.0533725247524752,0.0081140890090976,18.0
1989,EuroBrun,0.047339108910891,0.0012645333520671,19.0
1989,Zakspeed,0.0462252475247524,0.0,20.0
1990,McLaren,0.9284653465346536,1.0,1.0
1990,Ferrari,0.8508294579457946,0.9117866154006616,2.0
1990,Benetton,0.4704425556191982,0.4795739271529963,3.0
1990,Williams,0.3873838804334978,0.3851989287902012,4.0
1990,Tyrrell,0.1597624251061469,0.1265652047893381,5.0
1990,Lola,0.1378875387538753,0.1017099761324117,6.0
1990,Leyton House,0.1221794338524761,0.0838617216179044,7.0
1990,Lotus,0.1104042222404058,0.0704821971537095,8.0
1990,Ligier,0.1069306930693069,0.0665354172526015,9.0
1990,Arrows,0.104759993044759,0.0640689703606326,10.0
1990,Brabham,0.0938070227477293,0.0516237134198153,11.0
1990,Minardi,0.09375,0.051558921611957,12.0
1990,Dallara,0.0896658415841584,0.0469183173289404,13.0
1990,Onyx,0.0855445544554455,0.0422355257342601,14.0
1990,Osella,0.0846534653465346,0.0412230302543292,15.0
1990,AGS,0.0711014851485148,0.0258246614970468,16.0
1990,EuroBrun,0.0578147100424328,0.0107276306802201,17.0
1990,Coloni,0.0549504950495049,0.0074731809232994,18.0
1990,Life,0.0483734087694483,0.0,19.0
1991,McLaren,0.9279084158415842,1.0,1.0
1991,Williams,0.8468768796843713,0.9076159766123972,2.0
1991,Ferrari,0.3060662361200149,0.2910379686824964,3.0
1991,Benetton,0.2593457659614882,0.2377719785199622,4.0
1991,Tyrrell,0.1378073036620208,0.0992060241268118,5.0
1991,Jordan,0.1295342438920151,0.0897739118465213,6.0
1991,Dallara,0.1218875889387499,0.0810559634582692,7.0
1991,Minardi,0.1150068559014174,0.0732112423534948,8.0
1991,Brabham,0.1048425368615998,0.0616229061028807,9.0
1991,Ligier,0.1043316831683168,0.0610404820025115,10.0
1991,Leyton House,0.1011294429802692,0.0573896091886068,11.0
1991,Lotus,0.1002942695348671,0.0564374282628616,12.0
1991,Lola,0.0894804206140038,0.0441085632432378,13.0
1991,Footwork,0.0760210396039604,0.0287635281003513,14.0
1991,Fondmetal,0.0753712871287128,0.0280227455517771,15.0
1991,Modena,0.0664603960396039,0.0178634420284742,16.0
1991,AGS,0.0646039603960396,0.0157469204611194,17.0
1991,Coloni,0.0507920792079208,0.0,18.0
1992,Williams,0.9307858910891088,1.0,1.0
1992,McLaren,0.5576791967088695,0.571577490945062,2.0
1992,Benetton,0.4269751382803786,0.421495593463667,3.0
1992,Ferrari,0.1558858640655006,0.1102153382810594,4.0
1992,Lotus,0.1212992030910408,0.0705009501510796,5.0
1992,Footwork,0.1196314296063752,0.0685859169672806,6.0
1992,Ligier,0.1153616276261772,0.0636830854044142,7.0
1992,Tyrrell,0.113066741125332,0.0610479650822727,8.0
1992,Dallara,0.1125256580536102,0.0604266624611036,9.0
1992,March,0.1021424474764549,0.0485040644629631,10.0
1992,Minardi,0.0990536706109635,0.0449573536840992,11.0
1992,Venturi,0.0980326310070031,0.043784937440805,12.0
1992,Jordan,0.0948766904129437,0.0401611054160777,13.0
1992,Fondmetal,0.0853389185072353,0.0292092885975004,14.0
1992,Brabham,0.07008486562942,0.0116937100629856,15.0
1992,Andrea Moda,0.0599009900990099,0.0,16.0
1993,Williams,0.933756188118812,1.0,1.0
1993,McLaren,0.4930214896489649,0.4737496137673469,2.0
1993,Benetton,0.3661969589816124,0.3223173383436424,3.0
1993,Ferrari,0.1786247374737473,0.0983505066924602,4.0
1993,Ligier,0.1763852278084951,0.0956764653011143,5.0
1993,Sauber,0.1235369519094766,0.0325740463172116,6.0
1993,Lotus,0.1221446251768033,0.0309115666364077,7.0
1993,Minardi,0.1179558580858085,0.0259100536919363,8.0
1993,Larrousse,0.1136580622347949,0.0207783571534125,9.0
1993,Footwork,0.1103930928807166,0.0168798862828713,10.0
1993,Jordan,0.1037261315417255,0.0089193354303447,11.0
1993,Lola,0.0965346534653465,0.0003324959361607,12.0
1993,Tyrrell,0.0962561881188118,0.0,13.0
1994,Williams,0.8819127275630787,1.0,1.0
1994,Benetton,0.8723937692824042,0.9882208518267624,2.0
1994,Ferrari,0.4916546723120812,0.5170787261528702,3.0
1994,McLaren,0.3390177430389714,0.3281995490830304,4.0
1994,Ligier,0.1775437040933558,0.128384971186093,5.0
1994,Jordan,0.1755683468444627,0.1259405833609011,6.0
1994,Tyrrell,0.1480097170408044,0.0918384080663909,7.0
1994,Sauber,0.1229100466088161,0.060779049636587,8.0
1994,Footwork,0.1218136432287296,0.0594223152659892,9.0
1994,Minardi,0.1154052693404933,0.0514923314008123,10.0
1994,Lotus,0.1062809405940594,0.0402015139482579,11.0
1994,Larrousse,0.1039158206074844,0.0372748177754307,12.0
1994,Simtek,0.0999009900990098,0.0323067023519429,13.0
1994,Pacific,0.0737933168316831,0.0,14.0
1995,Benetton,0.900757134536983,1.0,1.0
1995,Williams,0.6927277301559688,0.7423751948688014,2.0
1995,Ferrari,0.4143353471001362,0.3976124741939428,3.0
1995,McLaren,0.1822257615917654,0.1101666349213545,4.0
1995,Ligier,0.1776443250567553,0.104492957692576,5.0
1995,Jordan,0.17181545885681,0.0972744564265415,6.0
1995,Sauber,0.1541636456562823,0.0754143499212647,7.0
1995,Footwork,0.1242459359981616,0.0383640870337719,8.0
1995,Tyrrell,0.116616349510101,0.0289155634557387,9.0
1995,Minardi,0.1098637474791896,0.0205531024492366,10.0
1995,Forti,0.1011648223645894,0.0097803037952771,11.0
1995,Pacific,0.0955736750145602,0.002856194913665,12.0
1995,Simtek,0.0932673267326732,0.0,13.0
1996,Williams,0.9357054455445544,1.0,1.0
1996,Ferrari,0.3956824611032531,0.3563663336501239,2.0
1996,Benetton,0.3233708156529938,0.2701807252188559,3.0
1996,McLaren,0.2513456506364922,0.1843365623505165,4.0
1996,Ligier,0.1734989391796322,0.0915539109600443,5.0
1996,Jordan,0.1446973125884016,0.0572263044435687,6.0
1996,Sauber,0.1392039132484676,0.0506789224621448,7.0
1996,Tyrrell,0.1165434936350777,0.0236707961841825,8.0
1996,Footwork,0.1087233026874116,0.0143501962908096,9.0
1996,Minardi,0.1062809405940594,0.0114392341392179,10.0
1996,Forti,0.0966831683168316,0.0,11.0
1997,Williams,0.9267617938264416,1.0,1.0
1997,Ferrari,0.7254986303867116,0.7622587103119836,2.0
1997,McLaren,0.4689928488903409,0.4592623037010871,3.0
1997,Benetton,0.4137491950414553,0.394005963252849,4.0
1997,Jordan,0.2210726309359773,0.1664075589536466,5.0
1997,Prost,0.1844569607606384,0.1231554481276985,6.0
1997,Sauber,0.160184382857224,0.094483564628567,7.0
1997,Arrows,0.1396292929149442,0.0702029485982314,8.0
1997,Stewart,0.1297716285258367,0.0585586228054499,9.0
1997,Tyrrell,0.1136771926834003,0.0395471362095547,10.0
1997,Minardi,0.1029120559114734,0.0268308623714354,11.0
1997,Lola,0.0801980198019802,0.0,12.0
1998,McLaren,0.9332920792079208,1.0,1.0
1998,Ferrari,0.7752879855293221,0.8098845051304004,2.0
1998,Jordan,0.2366556126766522,0.1617850936938089,3.0
1998,Williams,0.2110632457476516,0.1309915529043632,4.0
1998,Benetton,0.1902037319116526,0.105892729808444,5.0
1998,Sauber,0.1416262058898197,0.0474427226968085,6.0
1998,Stewart,0.1128768405686722,0.0128505821517995,7.0
1998,Arrows,0.1101675552170601,0.0095906848075419,8.0
1998,Prost,0.1096050710840314,0.0089138862081045,9.0
1998,Minardi,0.1068378712871287,0.0055843043818175,10.0
1998,Tyrrell,0.1021967821782178,0.0,11.0
1999,McLaren,0.9060243156668608,1.0,1.0
1999,Ferrari,0.8841274752475248,0.972607449334824,2.0
1999,Jordan,0.4042161109493302,0.3722470270282578,3.0
1999,Stewart,0.2820289749563191,0.2193931335338462,4.0
1999,Williams,0.2169672757716948,0.1380021265599136,5.0
1999,Benetton,0.1551761793826441,0.060702584430576,6.0
1999,Prost,0.1409899170064065,0.0429558272067612,7.0
1999,Sauber,0.1163211633663366,0.0120956633204844,8.0
1999,Minardi,0.1104424504950494,0.0047415000216298,9.0
1999,Arrows,0.1071936881188118,0.0006773571459471,10.0
1999,BAR,0.1066522277227722,0.0,11.0
2000,Ferrari,0.9215134748768994,1.0,1.0
2000,McLaren,0.8202125800815375,0.8763040628672009,2.0
2000,Williams,0.195517816487531,0.1135052311213332,3.0
2000,Benetton,0.173112458304654,0.0861466200959752,4.0
2000,Jordan,0.1535018795997246,0.0622006429600081,5.0
2000,BAR,0.1419918462434478,0.0481460349991353,6.0
2000,Sauber,0.1208037274315666,0.022273763902111,7.0
2000,Jaguar,0.117577169481654,0.0183338963408819,8.0
2000,Arrows,0.1131566686080372,0.0129361355485121,9.0
2000,Minardi,0.1088526499708794,0.0076806082421072,10.0
2000,Prost,0.1025626092020966,0.0,11.0
2001,Ferrari,0.9354105998835178,1.0,1.0
2001,McLaren,0.5304774330127722,0.5129796529020242,2.0
2001,Williams,0.4579397199907304,0.4257372507873944,3.0
2001,BAR,0.1565429476730124,0.0632419733500717,4.0
2001,Sauber,0.1498966613306088,0.0552483661422355,5.0
2001,Jordan,0.136022294309615,0.0385614172944865,6.0
2001,Benetton,0.1341116914435445,0.0362635011267624,7.0
2001,Jaguar,0.1292378208819895,0.030401610012872,8.0
2001,Prost,0.1172531991943854,0.0159874916060239,9.0
2001,Arrows,0.1096205216972567,0.0068075341511557,10.0
2001,Minardi,0.1039603960396039,0.0,11.0
2002,Ferrari,0.9378567268491556,1.0,1.0
2002,Williams,0.3563442664025075,0.3017624324585349,2.0
2002,McLaren,0.2968810802648892,0.2303633941385207,3.0
2002,Renault,0.1387527440526857,0.0404944706912341,4.0
2002,Sauber,0.1287666323193405,0.0285038791903526,5.0
2002,Jaguar,0.1276231318456128,0.0271308475812881,6.0
2002,Jordan,0.1209287218314591,0.01909269039233,7.0
2002,BAR,0.1188566820482953,0.0166047367946819,8.0
2002,Toyota,0.1110120514313874,0.0071854789579643,9.0
2002,Minardi,0.1061197975001119,0.0013112187879496,10.0
2002,Arrows,0.1050277765333094,0.0,11.0
2003,Ferrari,0.9318997524752476,1.0,1.0
2003,Williams,0.6756571938839454,0.6889012623992005,2.0
2003,McLaren,0.5993012908885825,0.5961991556109457,3.0
2003,Renault,0.3562562664494297,0.3011232685340734,4.0
2003,Jordan,0.1848034684797593,0.0929660080863161,5.0
2003,Sauber,0.1536607814262438,0.05515632229053,6.0
2003,BAR,0.1477319369595187,0.0479582360742137,7.0
2003,Jaguar,0.1358417408196515,0.0335225973213304,8.0
2003,Toyota,0.1346096002005263,0.0320266811344807,9.0
2003,Minardi,0.1082301980198019,0.0,10.0
2004,Ferrari,0.9401815181518152,1.0,1.0
2004,BAR,0.3124824623815369,0.2501575549434191,2.0
2004,Renault,0.2820253245382447,0.2137737903035092,3.0
2004,Williams,0.2482589912057801,0.1734368968290716,4.0
2004,McLaren,0.2293822371181577,0.150886932304392,5.0
2004,Sauber,0.1471588189353286,0.0526637338395432,6.0
2004,Jaguar,0.1195972841558965,0.0197390250343655,7.0
2004,Toyota,0.1171012521099438,0.0167572923790886,8.0
2004,Jordan,0.1102524374574862,0.0085757731024089,9.0
2004,Minardi,0.1030735898017282,0.0,10.0
2005,McLaren,0.9202528312902936,1.0,1.0
2005,Renault,0.8617873892652423,0.9276719700566072,2.0
2005,Ferrari,0.3894645171323414,0.3433578580733263,3.0
2005,Toyota,0.2871251736636876,0.216753100760171,4.0
2005,Williams,0.2419140701614939,0.1608221108519897,5.0
2005,BAR,0.1865905500312888,0.0923809756795773,6.0
2005,Red Bull,0.1515218441105615,0.048997220694477,7.0
2005,Sauber,0.1374874839371509,0.0316352101169488,8.0
2005,Jordan,0.1352610040557651,0.0288808154189624,9.0
2005,Minardi,0.1119155646620049,0.0,10.0
2006,Ferrari,0.9295515716620206,1.0,1.0
2006,Renault,0.8965071507150715,0.96022526396715,2.0
2006,McLaren,0.3469993473542551,0.2987965809904677,3.0
2006,Honda,0.285785111469757,0.2251145492288153,4.0
2006,BMW Sauber,0.1790065197117565,0.0965878515465541,5.0
2006,Toyota,0.1616599294063284,0.0757081983192792,6.0
2006,Red Bull,0.1392529314249768,0.0487374600083347,7.0
2006,Williams,0.1160426479541157,0.0207998272144892,8.0
2006,Toro Rosso,0.1104593226312922,0.014079319348506,9.0
2006,Midland,0.1023102310231023,0.0042704633197187,10.0
2006,Super Aguri,0.0987623762376237,0.0,11.0
2007,Ferrari,0.9015585064982484,1.0,1.0
2007,McLaren,0.8993172846696433,0.9972064059159867,2.0
2007,BMW Sauber,0.240517762650523,0.1760389410207773,3.0
2007,Renault,0.1789878357101764,0.0993443284230994,4.0
2007,Williams,0.1560093101188154,0.0707025079963687,5.0
2007,Red Bull,0.1425107287442181,0.0538770618984615,6.0
2007,Toyota,0.1233127441184485,0.0299475357841683,7.0
2007,Honda,0.1159297473190384,0.0207449232101339,8.0
2007,Super Aguri,0.1091152693250976,0.0122509467698988,9.0
2007,Toro Rosso,0.1083295485511853,0.011271577000395,10.0
2007,Spyker,0.0992866798822353,0.0,11.0
2008,Ferrari,0.9306105610561056,1.0,1.0
2008,McLaren,0.7396620797330651,0.7701563617404656,2.0
2008,BMW Sauber,0.4774767876114416,0.4545653655626847,3.0
2008,Renault,0.3527092902068664,0.3043834141729288,4.0
2008,Toro Rosso,0.2143854448174314,0.1378837611666768,5.0
2008,Toyota,0.211811606497247,0.1347856461164598,6.0
2008,Williams,0.171564849263384,0.0863408454734546,7.0
2008,Red Bull,0.1622253596228655,0.0750989530866154,8.0
2008,Honda,0.1384303638442179,0.0464570473524601,9.0
2008,Super Aguri,0.1028465346534653,0.0036249875856589,10.0
2008,Force India,0.0998349834983498,0.0,11.0
2009,Brawn,0.9197855998835178,1.0,1.0
2009,Red Bull,0.8201089312077582,0.8761300856781375,2.0
2009,McLaren,0.3671697440776909,0.3132547503745233,3.0
2009,Ferrari,0.3398912719589332,0.2793553228648279,4.0
2009,Toyota,0.2690058630521055,0.191264803341935,5.0
2009,BMW Sauber,0.1901751127575137,0.0933004711200867,6.0
2009,Renault,0.1588162069455919,0.0543302183241607,7.0
2009,Williams,0.1575303734203789,0.0527322908380564,8.0
2009,Force India,0.1394192056859584,0.0302252305065234,9.0
2009,Toro Rosso,0.1150973168452275,0.0,10.0
2010,Red Bull,0.9321000521104744,1.0,1.0
2010,McLaren,0.7077794938656834,0.7325352441692792,2.0
2010,Ferrari,0.6712828297731486,0.6890190750471726,3.0
2010,Mercedes,0.246242107565227,0.1822290872146824,4.0
2010,Renault,0.2203667457741335,0.1513770450405804,5.0
2010,Williams,0.1404257990795908,0.0560608334733821,6.0
2010,Force India,0.1376792213146488,0.0527859987590861,7.0
2010,Sauber,0.1228817301514552,0.0351424649169856,8.0
2010,Toro Rosso,0.1144965479426826,0.0251445372655304,9.0
2010,Lotus Racing,0.0961438249088066,0.003261983907546,10.0
2010,HRT,0.0937206878582595,0.0003727981608624,11.0
2010,Virgin,0.0934080250130276,0.0,12.0
2011,Red Bull,0.9396821261073476,1.0,1.0
2011,McLaren,0.6272369556793737,0.6320226573884362,2.0
2011,Ferrari,0.3676806125281894,0.3263342920348567,3.0
2011,Mercedes,0.1698156090912734,0.0933019233129702,4.0
2011,Renault,0.153382349840922,0.07394791294018,5.0
2011,Force India,0.1376195133683408,0.0553834823578287,6.0
2011,Sauber,0.1235957830600873,0.038867256470055,7.0
2011,Toro Rosso,0.1215783861786988,0.0364912992984675,8.0
2011,Williams,0.1051861947328335,0.017185655880881,9.0
2011,Lotus Racing,0.0971599791558103,0.007732907818829,10.0
2011,Virgin,0.0938770192808754,0.0038664539094145,11.0
2011,HRT,0.0905940594059405,0.0,12.0
2012,Red Bull,0.9141006600660064,1.0,1.0
2012,McLaren,0.8540590472090688,0.9272215595889464,2.0
2012,Ferrari,0.7036407662505382,0.744894547095833,3.0
2012,Lotus,0.4713760941311522,0.4633587955544676,4.0
2012,Mercedes,0.2743876452862677,0.2245825301652746,5.0
2012,Sauber,0.2341720476395465,0.1758358636841356,6.0
2012,Williams,0.2090170756206055,0.1453446835673663,7.0
2012,Force India,0.1644952647438656,0.0913783124839384,8.0
2012,Toro Rosso,0.1217251399052948,0.0395352184392457,9.0
2012,Caterham,0.1002475247524752,0.0135014851633679,10.0
2012,Marussia,0.0963861386138613,0.0088209703067337,11.0
2012,HRT,0.0891089108910891,0.0,12.0
2013,Red Bull,0.935695674830641,1.0,1.0
2013,Mercedes,0.4254705092245223,0.3917551838495781,2.0
2013,Ferrari,0.4064816818814724,0.3691184019447401,3.0
2013,Lotus,0.4032135834905122,0.3652224672888913,4.0
2013,McLaren,0.1623309469767181,0.078063728683536,5.0
2013,Force India,0.1374595619222819,0.0484142875159863,6.0
2013,Sauber,0.1314516439280805,0.0412521849342982,7.0
2013,Toro Rosso,0.1191770042422822,0.0266194571461031,8.0
2013,Williams,0.1085303797069922,0.0139275034370045,9.0
2013,Caterham,0.0968473163105784,0.0,10.0
2013,Marussia,0.0968473163105784,0.0,10.0
2014,Mercedes,0.9374934861907244,1.0,1.0
2014,Red Bull,0.407937986860108,0.3698373295058411,2.0
2014,Williams,0.2906635744092417,0.2302826331159688,3.0
2014,Ferrari,0.2025859214337303,0.1254716188217826,4.0
2014,McLaren,0.1911932039654222,0.1119144651842707,5.0
2014,Force India,0.1726622507729824,0.0898629239099169,6.0
2014,Toro Rosso,0.1190855169307004,0.0261074578311319,7.0
2014,Lotus,0.1078296173336832,0.0127131152969944,8.0
2014,Sauber,0.1017717561229807,0.0055043562474808,9.0
2014,Marussia,0.1006504601037619,0.0041700317153429,10.0
2014,Caterham,0.0971461852067559,0.0,11.0
2015,Mercedes,0.9404637832204272,1.0,1.0
2015,Ferrari,0.4444889212427643,0.4087431215187854,2.0
2015,Williams,0.2291176957311662,0.1519968057823314,3.0
2015,Red Bull,0.1999053957227159,0.1171725139878191,4.0
2015,Force India,0.16523753837866,0.0758445945945945,5.0
2015,Lotus,0.1427962330817007,0.0490920772068853,6.0
2015,Toro Rosso,0.1337302649183837,0.0382844406761163,7.0
2015,Sauber,0.1229567764742334,0.0254412511595303,8.0
2015,McLaren,0.1146902243567173,0.0155866069517257,9.0
2015,Marussia,0.1016154247003647,0.0,10.0
2016,Mercedes,0.9396746817538896,1.0,1.0
2016,Red Bull,0.4133633204098826,0.3747392851744125,2.0
2016,Ferrari,0.3153912786236607,0.2583479750500315,3.0
2016,Force India,0.1808187457401202,0.0984750855654076,4.0
2016,Williams,0.1623953487785753,0.0765879913475007,5.0
2016,McLaren,0.1321040759538138,0.0406017970707487,6.0
2016,Toro Rosso,0.127361677344205,0.0349678021346338,7.0
2016,Haas,0.1146538351314123,0.0198708175558265,8.0
2016,Renault,0.1059104565918776,0.0094836370441619,9.0
2016,Sauber,0.1032810087731462,0.0063598389590546,10.0
2016,Manor,0.0979276330994443,0.0,11.0
2017,Mercedes,0.9405693069306932,1.0,1.0
2017,Ferrari,0.6281660745531026,0.6253815545400078,2.0
2017,Red Bull,0.4469865714116321,0.4081200899273894,3.0
2017,Force India,0.181186043754076,0.0893852941453529,4.0
2017,Williams,0.150307268174998,0.0523569996008182,5.0
2017,Renault,0.1277094326199087,0.0252587971847302,6.0
2017,Toro Rosso,0.1269573723839449,0.0243569638895213,7.0
2017,Haas,0.1267946285646528,0.0241618095816499,8.0
2017,McLaren,0.1178434220667575,0.0134279671763962,9.0
2017,Sauber,0.106645520839509,0.0,10.0
2018,Mercedes,0.9385431400282886,1.0,1.0
2018,Ferrari,0.7406209148722942,0.7617339201943784,2.0
2018,Red Bull,0.5125101027005644,0.4871257051008121,3.0
2018,Force India,0.1607248129393091,0.0636335891515469,4.0
2018,Renault,0.1543664769966636,0.0559791896623168,5.0
2018,Haas,0.1428241035662999,0.0420840545063848,6.0
2018,McLaren,0.1309539285444357,0.0277942996956905,7.0
2018,Sauber,0.1266791193841303,0.0226481266484729,8.0
2018,Toro Rosso,0.1188457842512713,0.0132180686929354,9.0
2018,Williams,0.1078658345660083,0.0,10.0
2019,Mercedes,0.9403818953323904,1.0,1.0
2019,Ferrari,0.4870162590937713,0.4595315333047284,2.0
2019,Red Bull,0.3845679926283272,0.3374004032271405,3.0
2019,McLaren,0.1653008295404738,0.0760065569402538,4.0
2019,Toro Rosso,0.1544706436983346,0.0630956226561983,5.0
2019,Renault,0.1390550325088569,0.0447182886088461,6.0
2019,Racing Point,0.1347493554690864,0.0395853837705425,7.0
2019,Alfa Romeo,0.1275903252416871,0.0310509255303262,8.0
2019,Haas,0.114791386349151,0.0157929917002142,9.0
2019,Williams,0.1015436204358885,0.0,10.0
2020,Mercedes,0.938905066977286,1.0,1.0
2020,Red Bull,0.4223011989194939,0.381789210025628,2.0
2020,Racing Point,0.2628773012337124,0.191009427249989,3.0
2020,Renault,0.2166183153578677,0.1356521100288952,4.0
2020,McLaren,0.2149091367405912,0.133606765948979,5.0
2020,Ferrari,0.1939246077364126,0.1084949480648317,6.0
2020,AlphaTauri,0.1924707213087042,0.1067551076714839,7.0
2020,Alfa Romeo,0.1116449710878078,0.0100323497057193,8.0
2020,Haas,0.10413389968501,0.0010439822687219,9.0
2020,Williams,0.1032615026208503,0.0,10.0
2021,Red Bull,0.8794057573960161,1.0,1.0
2021,Mercedes,0.8702970297029703,0.9883378194739092,2.0
2021,McLaren,0.2939596560684072,0.2504355874870075,3.0
2021,Ferrari,0.2802129960426032,0.2328353214285414,4.0
2021,Alpine,0.2205118314029204,0.1563981083392297,5.0
2021,AlphaTauri,0.172426199106972,0.0948326138547784,6.0
2021,Aston Martin,0.1487606067412838,0.0645328376702027,7.0
2021,Williams,0.1227937916974965,0.0312867362460201,8.0
2021,Alfa Romeo,0.1150796531266029,0.0214100905004539,9.0
2021,Haas,0.0983573357335733,0.0,10.0
2022,Red Bull,0.9367686768676868,1.0,1.0
2022,Ferrari,0.5344475507952856,0.5146782645654562,2.0
2022,Mercedes,0.4427101406575031,0.4040150251602081,3.0
2022,McLaren,0.1687718762010376,0.0735620976546969,4.0
2022,Alpine,0.1676633961738715,0.0722249333458508,5.0
2022,Aston Martin,0.1298873395626855,0.0266555109011665,6.0
2022,Alfa Romeo,0.1254194618356863,0.0212658904421444,7.0
2022,AlphaTauri,0.1195019916356276,0.0141276202376664,8.0
2022,Haas,0.116721782675505,0.0107738419994475,9.0
2022,Williams,0.1077905028071867,0.0,10.0
2023,Red Bull,0.9394014401440144,1.0,1.0
2023,Ferrari,0.3102080651103084,0.2436488143411006,2.0
2023,Mercedes,0.2901530912584929,0.2195407994555875,3.0
2023,McLaren,0.2642589638710707,0.1884135582476993,4.0
2023,Aston Martin,0.2575457925539389,0.18034367816517,5.0
2023,Alpine,0.1610314195976559,0.0643240833709634,6.0
2023,AlphaTauri,0.1151330765987991,0.009149843583228,7.0
2023,Williams,0.1146605863117957,0.0085818646391265,8.0
2023,Alfa Romeo,0.1124664744955508,0.0059443303936393,9.0
2023,Haas,0.1075215053150884,0.0,10.0
2024,Red Bull,0.8612219165266282,1.0,1.0
2024,McLaren,0.8079845484548454,0.929621435828432,2.0
2024,Ferrari,0.7745620898296726,0.8854377217509126,3.0
2024,Mercedes,0.5296697003444186,0.561695670391847,4.0
2024,Alpine,0.1538748486917656,0.064903604211565,5.0
2024,Aston Martin,0.1459074078590125,0.0543708324717033,6.0
2024,Haas,0.1299294615422133,0.0332483585231322,7.0
2024,RB,0.1236560909785559,0.0249551083348233,8.0
2024,Williams,0.1106492805239018,0.0077604069924126,9.0
2024,Kick Sauber,0.1047789754344892,0.0,10.0
2025,McLaren,0.9390841584158416,1.0,1.0
2025,Red Bull,0.446016391776662,0.405325906580932,2.0
2025,Mercedes,0.3547213384842631,0.2952177090397366,3.0
2025,Ferrari,0.282886362860806,0.2085797215358384,4.0
2025,Williams,0.1527532771740984,0.0516301499139739,5.0
2025,Racing Bulls,0.1417387913089683,0.038345912250317,6.0
2025,Kick Sauber,0.1357368096484685,0.0311071040292808,7.0
2025,Aston Martin,0.1305142445559179,0.0248083265145719,8.0
2025,Haas,0.129934663702707,0.0241093116087802,9.0
2025,Alpine,0.1099446816912119,0.0,10.0
